--
-- PostgreSQL database dump
--

-- Dumped from database version 16.8 (Ubuntu 16.8-0ubuntu0.24.04.1)
-- Dumped by pg_dump version 16.8 (Ubuntu 16.8-0ubuntu0.24.04.1)

SET statement_timeout = 0;
SET lock_timeout = 0;
SET idle_in_transaction_session_timeout = 0;
SET client_encoding = 'UTF8';
SET standard_conforming_strings = on;
SELECT pg_catalog.set_config('search_path', '', false);
SET check_function_bodies = false;
SET xmloption = content;
SET client_min_messages = warning;
SET row_security = off;

SET default_tablespace = '';

SET default_table_access_method = heap;

--
-- Name: auth_group; Type: TABLE; Schema: public; Owner: postgres
--

CREATE TABLE public.auth_group (
    id integer NOT NULL,
    name character varying(150) NOT NULL
);


ALTER TABLE public.auth_group OWNER TO postgres;

--
-- Name: auth_group_id_seq; Type: SEQUENCE; Schema: public; Owner: postgres
--

ALTER TABLE public.auth_group ALTER COLUMN id ADD GENERATED BY DEFAULT AS IDENTITY (
    SEQUENCE NAME public.auth_group_id_seq
    START WITH 1
    INCREMENT BY 1
    NO MINVALUE
    NO MAXVALUE
    CACHE 1
);


--
-- Name: auth_group_permissions; Type: TABLE; Schema: public; Owner: postgres
--

CREATE TABLE public.auth_group_permissions (
    id bigint NOT NULL,
    group_id integer NOT NULL,
    permission_id integer NOT NULL
);


ALTER TABLE public.auth_group_permissions OWNER TO postgres;

--
-- Name: auth_group_permissions_id_seq; Type: SEQUENCE; Schema: public; Owner: postgres
--

ALTER TABLE public.auth_group_permissions ALTER COLUMN id ADD GENERATED BY DEFAULT AS IDENTITY (
    SEQUENCE NAME public.auth_group_permissions_id_seq
    START WITH 1
    INCREMENT BY 1
    NO MINVALUE
    NO MAXVALUE
    CACHE 1
);


--
-- Name: auth_permission; Type: TABLE; Schema: public; Owner: postgres
--

CREATE TABLE public.auth_permission (
    id integer NOT NULL,
    name character varying(255) NOT NULL,
    content_type_id integer NOT NULL,
    codename character varying(100) NOT NULL
);


ALTER TABLE public.auth_permission OWNER TO postgres;

--
-- Name: auth_permission_id_seq; Type: SEQUENCE; Schema: public; Owner: postgres
--

ALTER TABLE public.auth_permission ALTER COLUMN id ADD GENERATED BY DEFAULT AS IDENTITY (
    SEQUENCE NAME public.auth_permission_id_seq
    START WITH 1
    INCREMENT BY 1
    NO MINVALUE
    NO MAXVALUE
    CACHE 1
);


--
-- Name: auth_user; Type: TABLE; Schema: public; Owner: postgres
--

CREATE TABLE public.auth_user (
    id integer NOT NULL,
    password character varying(128) NOT NULL,
    last_login timestamp with time zone,
    is_superuser boolean NOT NULL,
    username character varying(150) NOT NULL,
    first_name character varying(150) NOT NULL,
    last_name character varying(150) NOT NULL,
    email character varying(254) NOT NULL,
    is_staff boolean NOT NULL,
    is_active boolean NOT NULL,
    date_joined timestamp with time zone NOT NULL
);


ALTER TABLE public.auth_user OWNER TO postgres;

--
-- Name: auth_user_groups; Type: TABLE; Schema: public; Owner: postgres
--

CREATE TABLE public.auth_user_groups (
    id bigint NOT NULL,
    user_id integer NOT NULL,
    group_id integer NOT NULL
);


ALTER TABLE public.auth_user_groups OWNER TO postgres;

--
-- Name: auth_user_groups_id_seq; Type: SEQUENCE; Schema: public; Owner: postgres
--

ALTER TABLE public.auth_user_groups ALTER COLUMN id ADD GENERATED BY DEFAULT AS IDENTITY (
    SEQUENCE NAME public.auth_user_groups_id_seq
    START WITH 1
    INCREMENT BY 1
    NO MINVALUE
    NO MAXVALUE
    CACHE 1
);


--
-- Name: auth_user_id_seq; Type: SEQUENCE; Schema: public; Owner: postgres
--

ALTER TABLE public.auth_user ALTER COLUMN id ADD GENERATED BY DEFAULT AS IDENTITY (
    SEQUENCE NAME public.auth_user_id_seq
    START WITH 1
    INCREMENT BY 1
    NO MINVALUE
    NO MAXVALUE
    CACHE 1
);


--
-- Name: auth_user_user_permissions; Type: TABLE; Schema: public; Owner: postgres
--

CREATE TABLE public.auth_user_user_permissions (
    id bigint NOT NULL,
    user_id integer NOT NULL,
    permission_id integer NOT NULL
);


ALTER TABLE public.auth_user_user_permissions OWNER TO postgres;

--
-- Name: auth_user_user_permissions_id_seq; Type: SEQUENCE; Schema: public; Owner: postgres
--

ALTER TABLE public.auth_user_user_permissions ALTER COLUMN id ADD GENERATED BY DEFAULT AS IDENTITY (
    SEQUENCE NAME public.auth_user_user_permissions_id_seq
    START WITH 1
    INCREMENT BY 1
    NO MINVALUE
    NO MAXVALUE
    CACHE 1
);


--
-- Name: clientes_cliente; Type: TABLE; Schema: public; Owner: postgres
--

CREATE TABLE public.clientes_cliente (
    id bigint NOT NULL,
    nome character varying(200) NOT NULL,
    tipo character varying(2) NOT NULL,
    cpf_cnpj character varying(20) NOT NULL,
    email character varying(254),
    telefone character varying(20),
    celular character varying(20) NOT NULL,
    data_nascimento date,
    endereco character varying(200) NOT NULL,
    numero character varying(10) NOT NULL,
    complemento character varying(100),
    bairro character varying(100) NOT NULL,
    cidade character varying(100) NOT NULL,
    estado character varying(2) NOT NULL,
    cep character varying(10) NOT NULL,
    observacoes text,
    ativo boolean NOT NULL,
    data_cadastro timestamp with time zone NOT NULL,
    ultima_atualizacao timestamp with time zone NOT NULL,
    foto character varying(100),
    slug character varying(250),
    codigo character varying(20) NOT NULL,
    rg character varying(20)
);


ALTER TABLE public.clientes_cliente OWNER TO postgres;

--
-- Name: clientes_cliente_id_seq; Type: SEQUENCE; Schema: public; Owner: postgres
--

ALTER TABLE public.clientes_cliente ALTER COLUMN id ADD GENERATED BY DEFAULT AS IDENTITY (
    SEQUENCE NAME public.clientes_cliente_id_seq
    START WITH 1
    INCREMENT BY 1
    NO MINVALUE
    NO MAXVALUE
    CACHE 1
);


--
-- Name: clientes_contratocliente; Type: TABLE; Schema: public; Owner: postgres
--

CREATE TABLE public.clientes_contratocliente (
    id bigint NOT NULL,
    arquivo character varying(100) NOT NULL,
    descricao character varying(200) NOT NULL,
    data_upload timestamp with time zone NOT NULL,
    cliente_id bigint NOT NULL
);


ALTER TABLE public.clientes_contratocliente OWNER TO postgres;

--
-- Name: clientes_contratocliente_id_seq; Type: SEQUENCE; Schema: public; Owner: postgres
--

ALTER TABLE public.clientes_contratocliente ALTER COLUMN id ADD GENERATED BY DEFAULT AS IDENTITY (
    SEQUENCE NAME public.clientes_contratocliente_id_seq
    START WITH 1
    INCREMENT BY 1
    NO MINVALUE
    NO MAXVALUE
    CACHE 1
);


--
-- Name: dashboard_metricadiaria; Type: TABLE; Schema: public; Owner: postgres
--

CREATE TABLE public.dashboard_metricadiaria (
    id bigint NOT NULL,
    data date NOT NULL,
    total_ordens integer NOT NULL,
    ordens_abertas integer NOT NULL,
    ordens_andamento integer NOT NULL,
    ordens_aguardando integer NOT NULL,
    ordens_concluidas integer NOT NULL,
    ordens_canceladas integer NOT NULL,
    satisfacao_media numeric(3,2) NOT NULL,
    tempo_medio_atendimento interval NOT NULL,
    faturamento_dia numeric(10,2) NOT NULL
);


ALTER TABLE public.dashboard_metricadiaria OWNER TO postgres;

--
-- Name: dashboard_metricadiaria_id_seq; Type: SEQUENCE; Schema: public; Owner: postgres
--

ALTER TABLE public.dashboard_metricadiaria ALTER COLUMN id ADD GENERATED BY DEFAULT AS IDENTITY (
    SEQUENCE NAME public.dashboard_metricadiaria_id_seq
    START WITH 1
    INCREMENT BY 1
    NO MINVALUE
    NO MAXVALUE
    CACHE 1
);


--
-- Name: django_admin_log; Type: TABLE; Schema: public; Owner: postgres
--

CREATE TABLE public.django_admin_log (
    id integer NOT NULL,
    action_time timestamp with time zone NOT NULL,
    object_id text,
    object_repr character varying(200) NOT NULL,
    action_flag smallint NOT NULL,
    change_message text NOT NULL,
    content_type_id integer,
    user_id integer NOT NULL,
    CONSTRAINT django_admin_log_action_flag_check CHECK ((action_flag >= 0))
);


ALTER TABLE public.django_admin_log OWNER TO postgres;

--
-- Name: django_admin_log_id_seq; Type: SEQUENCE; Schema: public; Owner: postgres
--

ALTER TABLE public.django_admin_log ALTER COLUMN id ADD GENERATED BY DEFAULT AS IDENTITY (
    SEQUENCE NAME public.django_admin_log_id_seq
    START WITH 1
    INCREMENT BY 1
    NO MINVALUE
    NO MAXVALUE
    CACHE 1
);


--
-- Name: django_content_type; Type: TABLE; Schema: public; Owner: postgres
--

CREATE TABLE public.django_content_type (
    id integer NOT NULL,
    app_label character varying(100) NOT NULL,
    model character varying(100) NOT NULL
);


ALTER TABLE public.django_content_type OWNER TO postgres;

--
-- Name: django_content_type_id_seq; Type: SEQUENCE; Schema: public; Owner: postgres
--

ALTER TABLE public.django_content_type ALTER COLUMN id ADD GENERATED BY DEFAULT AS IDENTITY (
    SEQUENCE NAME public.django_content_type_id_seq
    START WITH 1
    INCREMENT BY 1
    NO MINVALUE
    NO MAXVALUE
    CACHE 1
);


--
-- Name: django_migrations; Type: TABLE; Schema: public; Owner: postgres
--

CREATE TABLE public.django_migrations (
    id bigint NOT NULL,
    app character varying(255) NOT NULL,
    name character varying(255) NOT NULL,
    applied timestamp with time zone NOT NULL
);


ALTER TABLE public.django_migrations OWNER TO postgres;

--
-- Name: django_migrations_id_seq; Type: SEQUENCE; Schema: public; Owner: postgres
--

ALTER TABLE public.django_migrations ALTER COLUMN id ADD GENERATED BY DEFAULT AS IDENTITY (
    SEQUENCE NAME public.django_migrations_id_seq
    START WITH 1
    INCREMENT BY 1
    NO MINVALUE
    NO MAXVALUE
    CACHE 1
);


--
-- Name: django_session; Type: TABLE; Schema: public; Owner: postgres
--

CREATE TABLE public.django_session (
    session_key character varying(40) NOT NULL,
    session_data text NOT NULL,
    expire_date timestamp with time zone NOT NULL
);


ALTER TABLE public.django_session OWNER TO postgres;

--
-- Name: equipamentos_categoriaequipamento; Type: TABLE; Schema: public; Owner: cyberos_user
--

CREATE TABLE public.equipamentos_categoriaequipamento (
    id bigint NOT NULL,
    nome character varying(100) NOT NULL,
    descricao text,
    slug character varying(150) NOT NULL
);


ALTER TABLE public.equipamentos_categoriaequipamento OWNER TO cyberos_user;

--
-- Name: equipamentos_categoriaequipamento_id_seq; Type: SEQUENCE; Schema: public; Owner: cyberos_user
--

ALTER TABLE public.equipamentos_categoriaequipamento ALTER COLUMN id ADD GENERATED BY DEFAULT AS IDENTITY (
    SEQUENCE NAME public.equipamentos_categoriaequipamento_id_seq
    START WITH 1
    INCREMENT BY 1
    NO MINVALUE
    NO MAXVALUE
    CACHE 1
);


--
-- Name: equipamentos_equipamento; Type: TABLE; Schema: public; Owner: cyberos_user
--

CREATE TABLE public.equipamentos_equipamento (
    id bigint NOT NULL,
    codigo character varying(30) NOT NULL,
    nome character varying(200) NOT NULL,
    marca character varying(100),
    modelo character varying(100),
    numero_serie character varying(100),
    data_aquisicao date,
    data_instalacao date,
    data_garantia_fim date,
    status character varying(15) NOT NULL,
    descricao text,
    observacoes text,
    local_instalacao character varying(200),
    especificacoes_tecnicas text,
    data_cadastro timestamp with time zone NOT NULL,
    ultima_atualizacao timestamp with time zone NOT NULL,
    foto character varying(100),
    manual character varying(100),
    slug character varying(250),
    categoria_id bigint,
    cliente_id bigint NOT NULL
);


ALTER TABLE public.equipamentos_equipamento OWNER TO cyberos_user;

--
-- Name: equipamentos_equipamento_id_seq; Type: SEQUENCE; Schema: public; Owner: cyberos_user
--

ALTER TABLE public.equipamentos_equipamento ALTER COLUMN id ADD GENERATED BY DEFAULT AS IDENTITY (
    SEQUENCE NAME public.equipamentos_equipamento_id_seq
    START WITH 1
    INCREMENT BY 1
    NO MINVALUE
    NO MAXVALUE
    CACHE 1
);


--
-- Name: equipamentos_manutencaoequipamento; Type: TABLE; Schema: public; Owner: cyberos_user
--

CREATE TABLE public.equipamentos_manutencaoequipamento (
    id bigint NOT NULL,
    tipo character varying(20) NOT NULL,
    data timestamp with time zone NOT NULL,
    descricao text NOT NULL,
    solucao text,
    responsavel character varying(100) NOT NULL,
    custo numeric(10,2) NOT NULL,
    equipamento_id bigint NOT NULL,
    ordem_servico_id bigint
);


ALTER TABLE public.equipamentos_manutencaoequipamento OWNER TO cyberos_user;

--
-- Name: equipamentos_manutencaoequipamento_id_seq; Type: SEQUENCE; Schema: public; Owner: cyberos_user
--

ALTER TABLE public.equipamentos_manutencaoequipamento ALTER COLUMN id ADD GENERATED BY DEFAULT AS IDENTITY (
    SEQUENCE NAME public.equipamentos_manutencaoequipamento_id_seq
    START WITH 1
    INCREMENT BY 1
    NO MINVALUE
    NO MAXVALUE
    CACHE 1
);


--
-- Name: ordens_anexo; Type: TABLE; Schema: public; Owner: postgres
--

CREATE TABLE public.ordens_anexo (
    id bigint NOT NULL,
    titulo character varying(100) NOT NULL,
    arquivo character varying(100) NOT NULL,
    data_upload timestamp with time zone NOT NULL,
    ordem_id bigint NOT NULL
);


ALTER TABLE public.ordens_anexo OWNER TO postgres;

--
-- Name: ordens_anexo_id_seq; Type: SEQUENCE; Schema: public; Owner: postgres
--

ALTER TABLE public.ordens_anexo ALTER COLUMN id ADD GENERATED BY DEFAULT AS IDENTITY (
    SEQUENCE NAME public.ordens_anexo_id_seq
    START WITH 1
    INCREMENT BY 1
    NO MINVALUE
    NO MAXVALUE
    CACHE 1
);


--
-- Name: ordens_categoria; Type: TABLE; Schema: public; Owner: postgres
--

CREATE TABLE public.ordens_categoria (
    id bigint NOT NULL,
    nome character varying(100) NOT NULL,
    descricao text,
    slug character varying(150) NOT NULL
);


ALTER TABLE public.ordens_categoria OWNER TO postgres;

--
-- Name: ordens_categoria_id_seq; Type: SEQUENCE; Schema: public; Owner: postgres
--

ALTER TABLE public.ordens_categoria ALTER COLUMN id ADD GENERATED BY DEFAULT AS IDENTITY (
    SEQUENCE NAME public.ordens_categoria_id_seq
    START WITH 1
    INCREMENT BY 1
    NO MINVALUE
    NO MAXVALUE
    CACHE 1
);


--
-- Name: ordens_comentario; Type: TABLE; Schema: public; Owner: postgres
--

CREATE TABLE public.ordens_comentario (
    id bigint NOT NULL,
    autor character varying(100) NOT NULL,
    texto text NOT NULL,
    data_criacao timestamp with time zone NOT NULL,
    interno boolean NOT NULL,
    ordem_id bigint NOT NULL,
    data_resolucao timestamp with time zone,
    reportando_problema boolean NOT NULL,
    resolvido boolean NOT NULL,
    tipo_autor character varying(20) NOT NULL,
    tipo_problema character varying(20) NOT NULL
);


ALTER TABLE public.ordens_comentario OWNER TO postgres;

--
-- Name: ordens_comentario_id_seq; Type: SEQUENCE; Schema: public; Owner: postgres
--

ALTER TABLE public.ordens_comentario ALTER COLUMN id ADD GENERATED BY DEFAULT AS IDENTITY (
    SEQUENCE NAME public.ordens_comentario_id_seq
    START WITH 1
    INCREMENT BY 1
    NO MINVALUE
    NO MAXVALUE
    CACHE 1
);


--
-- Name: ordens_ordemservico; Type: TABLE; Schema: public; Owner: postgres
--

CREATE TABLE public.ordens_ordemservico (
    id bigint NOT NULL,
    numero character varying(20) NOT NULL,
    descricao text NOT NULL,
    solucao text,
    data_abertura timestamp with time zone NOT NULL,
    data_agendamento timestamp with time zone,
    data_inicio timestamp with time zone,
    data_conclusao timestamp with time zone,
    status character varying(20) NOT NULL,
    prioridade character varying(10) NOT NULL,
    endereco character varying(200),
    numero_endereco character varying(10),
    complemento character varying(100),
    bairro character varying(100),
    cidade character varying(100),
    estado character varying(2),
    cep character varying(10),
    valor_servico numeric(10,2) NOT NULL,
    valor_pecas numeric(10,2) NOT NULL,
    valor_deslocamento numeric(10,2) NOT NULL,
    desconto numeric(10,2) NOT NULL,
    valor_total numeric(10,2) NOT NULL,
    slug character varying(100),
    categoria_id bigint,
    cliente_id bigint NOT NULL,
    tecnico_id bigint,
    ativa boolean NOT NULL,
    atualizado_por character varying(100),
    avaliacao_cliente smallint,
    comentario_cliente text,
    criado_por character varying(100),
    latitude_fim double precision,
    latitude_inicio double precision,
    link_pagamento character varying(200),
    longitude_fim double precision,
    longitude_inicio double precision,
    observacoes_internas text,
    precisao_fim double precision,
    precisao_inicio double precision,
    preferencia_contato character varying(50),
    id_tecnico integer,
    nome_tecnico character varying(200),
    equipamento_id bigint,
    CONSTRAINT ordens_ordemservico_avaliacao_cliente_check CHECK ((avaliacao_cliente >= 0))
);


ALTER TABLE public.ordens_ordemservico OWNER TO postgres;

--
-- Name: ordens_ordemservico_id_seq; Type: SEQUENCE; Schema: public; Owner: postgres
--

ALTER TABLE public.ordens_ordemservico ALTER COLUMN id ADD GENERATED BY DEFAULT AS IDENTITY (
    SEQUENCE NAME public.ordens_ordemservico_id_seq
    START WITH 1
    INCREMENT BY 1
    NO MINVALUE
    NO MAXVALUE
    CACHE 1
);


--
-- Name: ordens_produtoutilizado; Type: TABLE; Schema: public; Owner: postgres
--

CREATE TABLE public.ordens_produtoutilizado (
    id bigint NOT NULL,
    quantidade numeric(10,2) NOT NULL,
    preco_unitario numeric(10,2),
    ordem_servico_id bigint NOT NULL,
    produto_id bigint NOT NULL
);


ALTER TABLE public.ordens_produtoutilizado OWNER TO postgres;

--
-- Name: ordens_produtoutilizado_id_seq; Type: SEQUENCE; Schema: public; Owner: postgres
--

ALTER TABLE public.ordens_produtoutilizado ALTER COLUMN id ADD GENERATED BY DEFAULT AS IDENTITY (
    SEQUENCE NAME public.ordens_produtoutilizado_id_seq
    START WITH 1
    INCREMENT BY 1
    NO MINVALUE
    NO MAXVALUE
    CACHE 1
);


--
-- Name: produtos_categoria; Type: TABLE; Schema: public; Owner: postgres
--

CREATE TABLE public.produtos_categoria (
    id bigint NOT NULL,
    nome character varying(100) NOT NULL,
    descricao text,
    slug character varying(120) NOT NULL
);


ALTER TABLE public.produtos_categoria OWNER TO postgres;

--
-- Name: produtos_categoria_id_seq; Type: SEQUENCE; Schema: public; Owner: postgres
--

ALTER TABLE public.produtos_categoria ALTER COLUMN id ADD GENERATED BY DEFAULT AS IDENTITY (
    SEQUENCE NAME public.produtos_categoria_id_seq
    START WITH 1
    INCREMENT BY 1
    NO MINVALUE
    NO MAXVALUE
    CACHE 1
);


--
-- Name: produtos_movimentacaoestoque; Type: TABLE; Schema: public; Owner: postgres
--

CREATE TABLE public.produtos_movimentacaoestoque (
    id bigint NOT NULL,
    tipo character varying(20) NOT NULL,
    quantidade integer NOT NULL,
    data timestamp with time zone NOT NULL,
    observacao text,
    ordem_servico_id bigint,
    usuario_id integer NOT NULL,
    produto_id bigint NOT NULL,
    CONSTRAINT produtos_movimentacaoestoque_quantidade_check CHECK ((quantidade >= 0))
);


ALTER TABLE public.produtos_movimentacaoestoque OWNER TO postgres;

--
-- Name: produtos_movimentacaoestoque_id_seq; Type: SEQUENCE; Schema: public; Owner: postgres
--

ALTER TABLE public.produtos_movimentacaoestoque ALTER COLUMN id ADD GENERATED BY DEFAULT AS IDENTITY (
    SEQUENCE NAME public.produtos_movimentacaoestoque_id_seq
    START WITH 1
    INCREMENT BY 1
    NO MINVALUE
    NO MAXVALUE
    CACHE 1
);


--
-- Name: produtos_produto; Type: TABLE; Schema: public; Owner: postgres
--

CREATE TABLE public.produtos_produto (
    id bigint NOT NULL,
    codigo character varying(30) NOT NULL,
    nome character varying(200) NOT NULL,
    descricao text,
    preco_custo numeric(10,2) NOT NULL,
    preco_venda numeric(10,2) NOT NULL,
    estoque_atual integer NOT NULL,
    estoque_minimo integer NOT NULL,
    unidade_id bigint NOT NULL,
    imagem character varying(100),
    observacoes text,
    ativo boolean NOT NULL,
    data_cadastro timestamp with time zone NOT NULL,
    ultima_atualizacao timestamp with time zone NOT NULL,
    slug character varying(250) NOT NULL,
    categoria_id bigint,
    CONSTRAINT produtos_produto_estoque_atual_check CHECK ((estoque_atual >= 0)),
    CONSTRAINT produtos_produto_estoque_minimo_check CHECK ((estoque_minimo >= 0))
);


ALTER TABLE public.produtos_produto OWNER TO postgres;

--
-- Name: produtos_produto_id_seq; Type: SEQUENCE; Schema: public; Owner: postgres
--

ALTER TABLE public.produtos_produto ALTER COLUMN id ADD GENERATED BY DEFAULT AS IDENTITY (
    SEQUENCE NAME public.produtos_produto_id_seq
    START WITH 1
    INCREMENT BY 1
    NO MINVALUE
    NO MAXVALUE
    CACHE 1
);


--
-- Name: produtos_unidademedida; Type: TABLE; Schema: public; Owner: postgres
--

CREATE TABLE public.produtos_unidademedida (
    id bigint NOT NULL,
    sigla character varying(5) NOT NULL,
    nome character varying(50) NOT NULL
);


ALTER TABLE public.produtos_unidademedida OWNER TO postgres;

--
-- Name: produtos_unidademedida_id_seq; Type: SEQUENCE; Schema: public; Owner: postgres
--

ALTER TABLE public.produtos_unidademedida ALTER COLUMN id ADD GENERATED BY DEFAULT AS IDENTITY (
    SEQUENCE NAME public.produtos_unidademedida_id_seq
    START WITH 1
    INCREMENT BY 1
    NO MINVALUE
    NO MAXVALUE
    CACHE 1
);


--
-- Name: tecnicos_localizacaoatendimento; Type: TABLE; Schema: public; Owner: postgres
--

CREATE TABLE public.tecnicos_localizacaoatendimento (
    id bigint NOT NULL,
    latitude double precision NOT NULL,
    longitude double precision NOT NULL,
    data_hora timestamp with time zone NOT NULL,
    tipo character varying(20) NOT NULL,
    precisao double precision,
    ordem_servico_id bigint NOT NULL,
    tecnico_id bigint NOT NULL
);


ALTER TABLE public.tecnicos_localizacaoatendimento OWNER TO postgres;

--
-- Name: tecnicos_localizacaoatendimento_id_seq; Type: SEQUENCE; Schema: public; Owner: postgres
--

ALTER TABLE public.tecnicos_localizacaoatendimento ALTER COLUMN id ADD GENERATED BY DEFAULT AS IDENTITY (
    SEQUENCE NAME public.tecnicos_localizacaoatendimento_id_seq
    START WITH 1
    INCREMENT BY 1
    NO MINVALUE
    NO MAXVALUE
    CACHE 1
);


--
-- Name: tecnicos_registroponto; Type: TABLE; Schema: public; Owner: cyberos_user
--

CREATE TABLE public.tecnicos_registroponto (
    id bigint NOT NULL,
    tipo character varying(20) NOT NULL,
    data_hora timestamp with time zone NOT NULL,
    latitude double precision,
    longitude double precision,
    precisao double precision,
    observacao text,
    ip inet,
    tecnico_id bigint NOT NULL
);


ALTER TABLE public.tecnicos_registroponto OWNER TO cyberos_user;

--
-- Name: tecnicos_registroponto_id_seq; Type: SEQUENCE; Schema: public; Owner: cyberos_user
--

ALTER TABLE public.tecnicos_registroponto ALTER COLUMN id ADD GENERATED BY DEFAULT AS IDENTITY (
    SEQUENCE NAME public.tecnicos_registroponto_id_seq
    START WITH 1
    INCREMENT BY 1
    NO MINVALUE
    NO MAXVALUE
    CACHE 1
);


--
-- Name: tecnicos_tecnico; Type: TABLE; Schema: public; Owner: postgres
--

CREATE TABLE public.tecnicos_tecnico (
    id bigint NOT NULL,
    codigo character varying(20) NOT NULL,
    nome_completo character varying(200) NOT NULL,
    cpf character varying(14) NOT NULL,
    rg character varying(20),
    data_nascimento date NOT NULL,
    telefone character varying(20),
    celular character varying(20) NOT NULL,
    email character varying(254) NOT NULL,
    endereco character varying(200) NOT NULL,
    numero character varying(10) NOT NULL,
    complemento character varying(100),
    bairro character varying(100) NOT NULL,
    cidade character varying(100) NOT NULL,
    estado character varying(2) NOT NULL,
    cep character varying(10) NOT NULL,
    latitude double precision,
    longitude double precision,
    ultima_atualizacao_local timestamp with time zone,
    nivel character varying(20) NOT NULL,
    especialidade character varying(100),
    status character varying(20) NOT NULL,
    data_admissao date NOT NULL,
    data_demissao date,
    certificacoes text,
    habilidades text,
    foto character varying(100),
    observacoes text,
    ativo boolean NOT NULL,
    data_cadastro timestamp with time zone NOT NULL,
    ultima_atualizacao timestamp with time zone NOT NULL,
    slug character varying(250),
    usuario_id integer NOT NULL
);


ALTER TABLE public.tecnicos_tecnico OWNER TO postgres;

--
-- Name: tecnicos_tecnico_id_seq; Type: SEQUENCE; Schema: public; Owner: postgres
--

ALTER TABLE public.tecnicos_tecnico ALTER COLUMN id ADD GENERATED BY DEFAULT AS IDENTITY (
    SEQUENCE NAME public.tecnicos_tecnico_id_seq
    START WITH 1
    INCREMENT BY 1
    NO MINVALUE
    NO MAXVALUE
    CACHE 1
);


--
-- Data for Name: auth_group; Type: TABLE DATA; Schema: public; Owner: postgres
--

COPY public.auth_group (id, name) FROM stdin;
\.


--
-- Data for Name: auth_group_permissions; Type: TABLE DATA; Schema: public; Owner: postgres
--

COPY public.auth_group_permissions (id, group_id, permission_id) FROM stdin;
\.


--
-- Data for Name: auth_permission; Type: TABLE DATA; Schema: public; Owner: postgres
--

COPY public.auth_permission (id, name, content_type_id, codename) FROM stdin;
1	Can add log entry	1	add_logentry
2	Can change log entry	1	change_logentry
3	Can delete log entry	1	delete_logentry
4	Can view log entry	1	view_logentry
5	Can add permission	2	add_permission
6	Can change permission	2	change_permission
7	Can delete permission	2	delete_permission
8	Can view permission	2	view_permission
9	Can add group	3	add_group
10	Can change group	3	change_group
11	Can delete group	3	delete_group
12	Can view group	3	view_group
13	Can add user	4	add_user
14	Can change user	4	change_user
15	Can delete user	4	delete_user
16	Can view user	4	view_user
17	Can add content type	5	add_contenttype
18	Can change content type	5	change_contenttype
19	Can delete content type	5	delete_contenttype
20	Can view content type	5	view_contenttype
21	Can add session	6	add_session
22	Can change session	6	change_session
23	Can delete session	6	delete_session
24	Can view session	6	view_session
25	Can add Métrica Diária	7	add_metricadiaria
26	Can change Métrica Diária	7	change_metricadiaria
27	Can delete Métrica Diária	7	delete_metricadiaria
28	Can view Métrica Diária	7	view_metricadiaria
29	Can add Categoria	8	add_categoria
30	Can change Categoria	8	change_categoria
31	Can delete Categoria	8	delete_categoria
32	Can view Categoria	8	view_categoria
33	Can add Ordem de Serviço	9	add_ordemservico
34	Can change Ordem de Serviço	9	change_ordemservico
35	Can delete Ordem de Serviço	9	delete_ordemservico
36	Can view Ordem de Serviço	9	view_ordemservico
37	Can add Comentário	10	add_comentario
38	Can change Comentário	10	change_comentario
39	Can delete Comentário	10	delete_comentario
40	Can view Comentário	10	view_comentario
41	Can add Anexo	11	add_anexo
42	Can change Anexo	11	change_anexo
43	Can delete Anexo	11	delete_anexo
44	Can view Anexo	11	view_anexo
45	Can add Produto Utilizado na OS	12	add_produtoutilizado
46	Can change Produto Utilizado na OS	12	change_produtoutilizado
47	Can delete Produto Utilizado na OS	12	delete_produtoutilizado
48	Can view Produto Utilizado na OS	12	view_produtoutilizado
49	Can add Cliente	13	add_cliente
50	Can change Cliente	13	change_cliente
51	Can delete Cliente	13	delete_cliente
52	Can view Cliente	13	view_cliente
53	Can add Contrato de Cliente	14	add_contratocliente
54	Can change Contrato de Cliente	14	change_contratocliente
55	Can delete Contrato de Cliente	14	delete_contratocliente
56	Can view Contrato de Cliente	14	view_contratocliente
57	Can add Técnico	15	add_tecnico
58	Can change Técnico	15	change_tecnico
59	Can delete Técnico	15	delete_tecnico
60	Can view Técnico	15	view_tecnico
61	Can add Localização de Atendimento	16	add_localizacaoatendimento
62	Can change Localização de Atendimento	16	change_localizacaoatendimento
63	Can delete Localização de Atendimento	16	delete_localizacaoatendimento
64	Can view Localização de Atendimento	16	view_localizacaoatendimento
65	Can add Categoria	17	add_categoria
66	Can change Categoria	17	change_categoria
67	Can delete Categoria	17	delete_categoria
68	Can view Categoria	17	view_categoria
69	Can add Produto	18	add_produto
70	Can change Produto	18	change_produto
71	Can delete Produto	18	delete_produto
72	Can view Produto	18	view_produto
73	Can add Movimentação de Estoque	19	add_movimentacaoestoque
74	Can change Movimentação de Estoque	19	change_movimentacaoestoque
75	Can delete Movimentação de Estoque	19	delete_movimentacaoestoque
76	Can view Movimentação de Estoque	19	view_movimentacaoestoque
77	Can add Unidade de Medida	20	add_unidademedida
78	Can change Unidade de Medida	20	change_unidademedida
79	Can delete Unidade de Medida	20	delete_unidademedida
80	Can view Unidade de Medida	20	view_unidademedida
81	Can add Registro de Ponto	21	add_registroponto
82	Can change Registro de Ponto	21	change_registroponto
83	Can delete Registro de Ponto	21	delete_registroponto
84	Can view Registro de Ponto	21	view_registroponto
85	Can add Categoria de Equipamento	22	add_categoriaequipamento
86	Can change Categoria de Equipamento	22	change_categoriaequipamento
87	Can delete Categoria de Equipamento	22	delete_categoriaequipamento
88	Can view Categoria de Equipamento	22	view_categoriaequipamento
89	Can add Equipamento	23	add_equipamento
90	Can change Equipamento	23	change_equipamento
91	Can delete Equipamento	23	delete_equipamento
92	Can view Equipamento	23	view_equipamento
93	Can add Manutenção de Equipamento	24	add_manutencaoequipamento
94	Can change Manutenção de Equipamento	24	change_manutencaoequipamento
95	Can delete Manutenção de Equipamento	24	delete_manutencaoequipamento
96	Can view Manutenção de Equipamento	24	view_manutencaoequipamento
\.


--
-- Data for Name: auth_user; Type: TABLE DATA; Schema: public; Owner: postgres
--

COPY public.auth_user (id, password, last_login, is_superuser, username, first_name, last_name, email, is_staff, is_active, date_joined) FROM stdin;
2	pbkdf2_sha256$1000000$V3Z5qgqmf0UCIueIx9bpOy$JJQY5EOjuspA14vjhzeyCRtHo7mXqWVGD9yaww8v4S8=	\N	f	chaves	chaves	do oito	chaves@gmail.com	f	t	2025-04-14 17:28:20.799785-03
1	pbkdf2_sha256$1000000$pK1aihlIQWMkunEVYB55Mk$ayj85WSoQdq5hTi1uGgJqCqAm5uyTIGJZjNxgvPgt+M=	2025-04-15 08:10:32.20056-03	t	marcelo				t	t	2025-04-14 15:57:28.124028-03
3	pbkdf2_sha256$1000000$ynEkVQsW3buobclYRoKH67$Dyz99U6VY6aqGia4ZtrRt8CSuOmvKoMHxxkGGg8WBAA=	2025-04-17 12:35:12.428998-03	t	teste				t	t	2025-04-17 12:07:40.755265-03
\.


--
-- Data for Name: auth_user_groups; Type: TABLE DATA; Schema: public; Owner: postgres
--

COPY public.auth_user_groups (id, user_id, group_id) FROM stdin;
\.


--
-- Data for Name: auth_user_user_permissions; Type: TABLE DATA; Schema: public; Owner: postgres
--

COPY public.auth_user_user_permissions (id, user_id, permission_id) FROM stdin;
\.


--
-- Data for Name: clientes_cliente; Type: TABLE DATA; Schema: public; Owner: postgres
--

COPY public.clientes_cliente (id, nome, tipo, cpf_cnpj, email, telefone, celular, data_nascimento, endereco, numero, complemento, bairro, cidade, estado, cep, observacoes, ativo, data_cadastro, ultima_atualizacao, foto, slug, codigo, rg) FROM stdin;
1	All Facilities	PJ	12.122.122/0000-11	mma21947@gmail.com	(11) 9957-9630	(11) 99899-8999	\N	Avenida Riviera	153		Flamingo	Embu-Guaçu	SP	06910-690		t	2025-04-14 17:41:26.417766-03	2025-04-14 17:41:26.417774-03		all-facilities-121221220000-11	CLI2025040001	\N
2	Joe Doe	PF	112.121.548-77	teste@gmail.com	(11) 1849-6561	(11) 54896-6422	1999-07-14	Rua Citeron	5897		Jardim Capela	São Paulo	SP	04960-030	ytfhiyjfyugjkh	t	2025-04-15 08:41:34.969942-03	2025-04-15 08:41:34.969952-03		joe-doe-112121548-77	CLI2025040002	47.556.861-1
\.


--
-- Data for Name: clientes_contratocliente; Type: TABLE DATA; Schema: public; Owner: postgres
--

COPY public.clientes_contratocliente (id, arquivo, descricao, data_upload, cliente_id) FROM stdin;
\.


--
-- Data for Name: dashboard_metricadiaria; Type: TABLE DATA; Schema: public; Owner: postgres
--

COPY public.dashboard_metricadiaria (id, data, total_ordens, ordens_abertas, ordens_andamento, ordens_aguardando, ordens_concluidas, ordens_canceladas, satisfacao_media, tempo_medio_atendimento, faturamento_dia) FROM stdin;
1	2025-04-14	0	0	0	0	0	0	0.00	00:00:00	0.00
2	2025-04-15	0	0	0	0	0	0	0.00	00:00:00	0.00
3	2025-04-17	0	0	0	0	0	0	0.00	00:00:00	0.00
4	2025-04-22	0	0	0	0	0	0	0.00	00:00:00	0.00
\.


--
-- Data for Name: django_admin_log; Type: TABLE DATA; Schema: public; Owner: postgres
--

COPY public.django_admin_log (id, action_time, object_id, object_repr, action_flag, change_message, content_type_id, user_id) FROM stdin;
\.


--
-- Data for Name: django_content_type; Type: TABLE DATA; Schema: public; Owner: postgres
--

COPY public.django_content_type (id, app_label, model) FROM stdin;
1	admin	logentry
2	auth	permission
3	auth	group
4	auth	user
5	contenttypes	contenttype
6	sessions	session
7	dashboard	metricadiaria
8	ordens	categoria
9	ordens	ordemservico
10	ordens	comentario
11	ordens	anexo
12	ordens	produtoutilizado
13	clientes	cliente
14	clientes	contratocliente
15	tecnicos	tecnico
16	tecnicos	localizacaoatendimento
17	produtos	categoria
18	produtos	produto
19	produtos	movimentacaoestoque
20	produtos	unidademedida
21	tecnicos	registroponto
22	equipamentos	categoriaequipamento
23	equipamentos	equipamento
24	equipamentos	manutencaoequipamento
\.


--
-- Data for Name: django_migrations; Type: TABLE DATA; Schema: public; Owner: postgres
--

COPY public.django_migrations (id, app, name, applied) FROM stdin;
1	contenttypes	0001_initial	2025-04-14 15:47:38.10264-03
2	auth	0001_initial	2025-04-14 15:47:38.292407-03
3	admin	0001_initial	2025-04-14 15:47:38.340295-03
4	admin	0002_logentry_remove_auto_add	2025-04-14 15:47:38.362281-03
5	admin	0003_logentry_add_action_flag_choices	2025-04-14 15:47:38.376234-03
6	contenttypes	0002_remove_content_type_name	2025-04-14 15:47:38.402227-03
7	auth	0002_alter_permission_name_max_length	2025-04-14 15:47:38.415159-03
8	auth	0003_alter_user_email_max_length	2025-04-14 15:47:38.434145-03
9	auth	0004_alter_user_username_opts	2025-04-14 15:47:38.450596-03
10	auth	0005_alter_user_last_login_null	2025-04-14 15:47:38.476105-03
11	auth	0006_require_contenttypes_0002	2025-04-14 15:47:38.48255-03
12	auth	0007_alter_validators_add_error_messages	2025-04-14 15:47:38.494408-03
13	auth	0008_alter_user_username_max_length	2025-04-14 15:47:38.525545-03
14	auth	0009_alter_user_last_name_max_length	2025-04-14 15:47:38.543661-03
15	auth	0010_alter_group_name_max_length	2025-04-14 15:47:38.560594-03
16	auth	0011_update_proxy_permissions	2025-04-14 15:47:38.574673-03
17	auth	0012_alter_user_first_name_max_length	2025-04-14 15:47:38.591662-03
18	clientes	0001_initial	2025-04-14 15:47:38.652961-03
19	clientes	0002_cliente_codigo	2025-04-14 15:47:38.681529-03
20	clientes	0003_contratocliente	2025-04-14 15:47:38.732391-03
21	dashboard	0001_initial	2025-04-14 15:47:38.769084-03
22	tecnicos	0001_initial	2025-04-14 15:47:38.877533-03
23	ordens	0001_initial	2025-04-14 15:47:39.091178-03
24	ordens	0002_categoria_slug	2025-04-14 15:47:39.117233-03
25	ordens	0003_remove_ordemservico_avaliacao_and_more	2025-04-14 15:47:39.504889-03
26	ordens	0004_ordemservico_id_tecnico_ordemservico_nome_tecnico	2025-04-14 15:47:39.542211-03
27	ordens	0005_comentario_data_resolucao_and_more	2025-04-14 15:47:39.605773-03
28	produtos	0001_initial	2025-04-14 15:47:39.764365-03
29	produtos	0002_unidademedida_and_more	2025-04-14 15:47:39.97023-03
30	ordens	0006_produtoutilizado_ordemservico_produtos	2025-04-14 15:47:40.119973-03
31	sessions	0001_initial	2025-04-14 15:47:40.156101-03
32	tecnicos	0002_localizacaoatendimento	2025-04-14 15:47:40.266979-03
33	clientes	0004_cliente_rg	2025-04-14 17:38:22.375916-03
34	equipamentos	0001_initial	2025-04-17 12:06:40.240535-03
35	ordens	0007_ordemservico_equipamento	2025-04-17 12:06:40.37667-03
36	tecnicos	0003_registroponto	2025-04-17 12:06:40.518719-03
\.


--
-- Data for Name: django_session; Type: TABLE DATA; Schema: public; Owner: postgres
--

COPY public.django_session (session_key, session_data, expire_date) FROM stdin;
92hyjdiprtub26y0g4ylx6njjr678eff	.eJxVjEEOgjAQRe_StWnoUDrUpXvOQGY6o6CmTSisjHdXEha6_e-9_zIjbes0blWXcRZzNs6cfjem9NC8A7lTvhWbSl6Xme2u2INWOxTR5-Vw_w4mqtO3vnLQvsOIqCAtAUFopU9BATkAOpQY2TcaPXvyDqkh6MTH5HpoMXTm_QHaTDci:1u4P05:o4rR-vq_8OfT8IxLDDIgR2S_nfYonhAWgc4yhk5hyBo	2025-04-28 15:57:45.514397-03
xnqwlextotm5lz6bceww69ndwhath20u	.eJxVjEEOgjAQRe_StWnoUDrUpXvOQGY6o6CmTSisjHdXEha6_e-9_zIjbes0blWXcRZzNs6cfjem9NC8A7lTvhWbSl6Xme2u2INWOxTR5-Vw_w4mqtO3vnLQvsOIqCAtAUFopU9BATkAOpQY2TcaPXvyDqkh6MTH5HpoMXTm_QHaTDci:1u4Pn7:G_B1GKZxjYoI9xFgE6Nnuqpcx7vO1WO0Ku00nfEX_CU	2025-04-28 16:48:25.313471-03
qmk7due97iqvqwyhfpdjjayjurl2theb	.eJxVjEEOgjAQRe_StWnoUDrUpXvOQGY6o6CmTSisjHdXEha6_e-9_zIjbes0blWXcRZzNs6cfjem9NC8A7lTvhWbSl6Xme2u2INWOxTR5-Vw_w4mqtO3vnLQvsOIqCAtAUFopU9BATkAOpQY2TcaPXvyDqkh6MTH5HpoMXTm_QHaTDci:1u4eBU:-pHOVYHfLLRvr2InC651QOsnlN40vQFo0cZQUd8bFVw	2025-04-29 08:10:32.206157-03
1o4uoa2ib0vzwizxv2oosre3tqobhfhf	eyJfY3NyZnRva2VuIjoiU3RFeGdMeloxVGo2N1NNb29iODl0MVRaS2pJR0p2R0UifQ:1u5R61:kn1BVesnxv_mSBJKoOQ5ap1w3767iUZ3HIPgZNca7SE	2025-05-01 12:24:09.886124-03
eqynf7u7egydj1pm4ycs1nr0faaqb9e7	.eJxVjMsOgjAUBf-la0PoA7x1KUhw4cpEk25Ie1sEMTShkPiI_y4kbNyemTkfUmEY6tF3ric7clS1e-aYy-shL0p_UbnKCkXDKzu_y7YDsiGVnsammoIbqtbOCf_fjMb5agH2rvubj9D349CaaFGilYbo5K177Ff376DRoZlr4ChAcuApUiq5Rm62CRMMQFuQCWqWpqymIjGxQzRWC45JzGNgFkBKJN8f0E5G0Q:1u5R7H:EmGfdVUWrzT3UIJAfi54CGjbB0Z7cmQ4CZC9OvHTCos	2025-05-01 12:25:27.051518-03
lcnflbwt2i49s7p13jc9003e3z9ycnb2	eyJfY3NyZnRva2VuIjoiZUQ5Tk03SFljS1JPMEZnd3hlMVFjb2ZEdTVLTnpGU04ifQ:1u5R7H:WlNcSu807S4DSmucE1O9YqtnQjce3ryAr8g5lXaQMkY	2025-05-01 12:25:27.073007-03
1vy8kati5pes532qjkivzdzomi0855lz	eyJfY3NyZnRva2VuIjoiVUt0MU4ya3pzV2hncVQzWGVqekNmWE5PTmNmc2FOVVUifQ:1u5R83:fZnIkUwmZ1m040AcOeClzrFBUiWWECLy7ZOmABcMVwc	2025-05-01 12:26:15.425714-03
2fjsw8k2flulp5oepzq9myrs7xx7cbuq	eyJfY3NyZnRva2VuIjoicGVjU1dkeklueUNhR2JtN3lWODJlS0YybUwxRTBXNVIifQ:1u5RBU:JZ7Zz8w8N2XqrZv_8CdAp3Ow_Z8tgHqWKHvYdklLng8	2025-05-01 12:29:48.81918-03
63u9fvlmtp92azy282khm2kykgscxmmg	.eJxVjMsOgjAQRf-la0NoB-rUnUajJhofURJXpJ2WhxowFFbGfxcSNmzvOed-WUq-ydr65Sq2YPtkl3yye7k8-fByW59z3Aiusu0DDlcjuWczluquLdLOuyYtbZ_AdDOa-qsB2Keu8jqgumqb0gSDEozUB8fauvdqdCcHhfZFXyNQhAoQJHGuQBOYeSwigagtqpi0kFJkPIpN6IiM1RFQHEKIwiIqRez3B0KORgg:1u5RGi:eyZZtAiQxXWJmnVGAgWEec1jk5gycMlAcCOghkUWgdo	2025-05-01 12:35:12.437254-03
4p2c69ss9238ajd1y1okylq54yfkvvsc	eyJfY3NyZnRva2VuIjoiTzdjMzNLTlBoU1prRHo3Z3ZPM2ZrNTBsbTc3SVNDMkEifQ:1u5RKY:CthLNuXNs6AqcDLrhAaPPM7u9hFcoFXl1bg3hersZdg	2025-05-01 12:39:10.888299-03
1xbsfwkmuxlmu99k23vq133j32ocycpr	eyJfY3NyZnRva2VuIjoiVmYzTjk1cEFKd0o2azBjOFBzMW1wN0hCU1Y5RldNQXcifQ:1u7BqJ:r2nP69wXU4l2V8s5glWULo_t6xLdFxTZBZWzjz1tUm4	2025-05-06 08:31:11.05601-03
xmupw4xrky1ucimxf8hyv08aj2pv1la3	eyJfY3NyZnRva2VuIjoiR2M5aUFLVHBpZWx0eUo4M3Rhckl1N0VTMGR6aVRXaGIifQ:1u7DkS:9SbY5WdK5ZXcubVitOP4ZG3Hlnyj8EPjBplVDeOWf4Y	2025-05-06 10:33:16.503123-03
\.


--
-- Data for Name: equipamentos_categoriaequipamento; Type: TABLE DATA; Schema: public; Owner: cyberos_user
--

COPY public.equipamentos_categoriaequipamento (id, nome, descricao, slug) FROM stdin;
\.


--
-- Data for Name: equipamentos_equipamento; Type: TABLE DATA; Schema: public; Owner: cyberos_user
--

COPY public.equipamentos_equipamento (id, codigo, nome, marca, modelo, numero_serie, data_aquisicao, data_instalacao, data_garantia_fim, status, descricao, observacoes, local_instalacao, especificacoes_tecnicas, data_cadastro, ultima_atualizacao, foto, manual, slug, categoria_id, cliente_id) FROM stdin;
1	EQP2025040001	Notebook Dell XPS 13	Dell	xps 13	2sf2sd55555	\N	\N	\N	ativo			escritório		2025-04-17 12:47:00.963538-03	2025-04-17 12:47:00.963561-03			all-facilities-notebook-dell-xps-13-eqp2025040001	\N	1
\.


--
-- Data for Name: equipamentos_manutencaoequipamento; Type: TABLE DATA; Schema: public; Owner: cyberos_user
--

COPY public.equipamentos_manutencaoequipamento (id, tipo, data, descricao, solucao, responsavel, custo, equipamento_id, ordem_servico_id) FROM stdin;
\.


--
-- Data for Name: ordens_anexo; Type: TABLE DATA; Schema: public; Owner: postgres
--

COPY public.ordens_anexo (id, titulo, arquivo, data_upload, ordem_id) FROM stdin;
\.


--
-- Data for Name: ordens_categoria; Type: TABLE DATA; Schema: public; Owner: postgres
--

COPY public.ordens_categoria (id, nome, descricao, slug) FROM stdin;
\.


--
-- Data for Name: ordens_comentario; Type: TABLE DATA; Schema: public; Owner: postgres
--

COPY public.ordens_comentario (id, autor, texto, data_criacao, interno, ordem_id, data_resolucao, reportando_problema, resolvido, tipo_autor, tipo_problema) FROM stdin;
\.


--
-- Data for Name: ordens_ordemservico; Type: TABLE DATA; Schema: public; Owner: postgres
--

COPY public.ordens_ordemservico (id, numero, descricao, solucao, data_abertura, data_agendamento, data_inicio, data_conclusao, status, prioridade, endereco, numero_endereco, complemento, bairro, cidade, estado, cep, valor_servico, valor_pecas, valor_deslocamento, desconto, valor_total, slug, categoria_id, cliente_id, tecnico_id, ativa, atualizado_por, avaliacao_cliente, comentario_cliente, criado_por, latitude_fim, latitude_inicio, link_pagamento, longitude_fim, longitude_inicio, observacoes_internas, precisao_fim, precisao_inicio, preferencia_contato, id_tecnico, nome_tecnico, equipamento_id) FROM stdin;
\.


--
-- Data for Name: ordens_produtoutilizado; Type: TABLE DATA; Schema: public; Owner: postgres
--

COPY public.ordens_produtoutilizado (id, quantidade, preco_unitario, ordem_servico_id, produto_id) FROM stdin;
\.


--
-- Data for Name: produtos_categoria; Type: TABLE DATA; Schema: public; Owner: postgres
--

COPY public.produtos_categoria (id, nome, descricao, slug) FROM stdin;
\.


--
-- Data for Name: produtos_movimentacaoestoque; Type: TABLE DATA; Schema: public; Owner: postgres
--

COPY public.produtos_movimentacaoestoque (id, tipo, quantidade, data, observacao, ordem_servico_id, usuario_id, produto_id) FROM stdin;
\.


--
-- Data for Name: produtos_produto; Type: TABLE DATA; Schema: public; Owner: postgres
--

COPY public.produtos_produto (id, codigo, nome, descricao, preco_custo, preco_venda, estoque_atual, estoque_minimo, unidade_id, imagem, observacoes, ativo, data_cadastro, ultima_atualizacao, slug, categoria_id) FROM stdin;
\.


--
-- Data for Name: produtos_unidademedida; Type: TABLE DATA; Schema: public; Owner: postgres
--

COPY public.produtos_unidademedida (id, sigla, nome) FROM stdin;
\.


--
-- Data for Name: tecnicos_localizacaoatendimento; Type: TABLE DATA; Schema: public; Owner: postgres
--

COPY public.tecnicos_localizacaoatendimento (id, latitude, longitude, data_hora, tipo, precisao, ordem_servico_id, tecnico_id) FROM stdin;
\.


--
-- Data for Name: tecnicos_registroponto; Type: TABLE DATA; Schema: public; Owner: cyberos_user
--

COPY public.tecnicos_registroponto (id, tipo, data_hora, latitude, longitude, precisao, observacao, ip, tecnico_id) FROM stdin;
\.


--
-- Data for Name: tecnicos_tecnico; Type: TABLE DATA; Schema: public; Owner: postgres
--

COPY public.tecnicos_tecnico (id, codigo, nome_completo, cpf, rg, data_nascimento, telefone, celular, email, endereco, numero, complemento, bairro, cidade, estado, cep, latitude, longitude, ultima_atualizacao_local, nivel, especialidade, status, data_admissao, data_demissao, certificacoes, habilidades, foto, observacoes, ativo, data_cadastro, ultima_atualizacao, slug, usuario_id) FROM stdin;
1	TEC2025040001	chaves do oito	222.222.222-22	22.222.222-2	1971-02-04	(11) 1111-1111	(11) 11111-1111	chaves@gmail.com	Rua Citeron	45		Jardim Capela	São Paulo	SP	04960-030	\N	\N	\N	pleno	sistema	disponivel	2019-06-14	\N	dsdsdsdsd	dsdsdsdsd		dsdsdsddsd	t	2025-04-14 17:28:21.399732-03	2025-04-14 17:28:21.399739-03	chaves-do-oito-tec2025040001	2
\.


--
-- Name: auth_group_id_seq; Type: SEQUENCE SET; Schema: public; Owner: postgres
--

SELECT pg_catalog.setval('public.auth_group_id_seq', 1, false);


--
-- Name: auth_group_permissions_id_seq; Type: SEQUENCE SET; Schema: public; Owner: postgres
--

SELECT pg_catalog.setval('public.auth_group_permissions_id_seq', 1, false);


--
-- Name: auth_permission_id_seq; Type: SEQUENCE SET; Schema: public; Owner: postgres
--

SELECT pg_catalog.setval('public.auth_permission_id_seq', 96, true);


--
-- Name: auth_user_groups_id_seq; Type: SEQUENCE SET; Schema: public; Owner: postgres
--

SELECT pg_catalog.setval('public.auth_user_groups_id_seq', 1, false);


--
-- Name: auth_user_id_seq; Type: SEQUENCE SET; Schema: public; Owner: postgres
--

SELECT pg_catalog.setval('public.auth_user_id_seq', 3, true);


--
-- Name: auth_user_user_permissions_id_seq; Type: SEQUENCE SET; Schema: public; Owner: postgres
--

SELECT pg_catalog.setval('public.auth_user_user_permissions_id_seq', 1, false);


--
-- Name: clientes_cliente_id_seq; Type: SEQUENCE SET; Schema: public; Owner: postgres
--

SELECT pg_catalog.setval('public.clientes_cliente_id_seq', 2, true);


--
-- Name: clientes_contratocliente_id_seq; Type: SEQUENCE SET; Schema: public; Owner: postgres
--

SELECT pg_catalog.setval('public.clientes_contratocliente_id_seq', 1, false);


--
-- Name: dashboard_metricadiaria_id_seq; Type: SEQUENCE SET; Schema: public; Owner: postgres
--

SELECT pg_catalog.setval('public.dashboard_metricadiaria_id_seq', 4, true);


--
-- Name: django_admin_log_id_seq; Type: SEQUENCE SET; Schema: public; Owner: postgres
--

SELECT pg_catalog.setval('public.django_admin_log_id_seq', 1, false);


--
-- Name: django_content_type_id_seq; Type: SEQUENCE SET; Schema: public; Owner: postgres
--

SELECT pg_catalog.setval('public.django_content_type_id_seq', 24, true);


--
-- Name: django_migrations_id_seq; Type: SEQUENCE SET; Schema: public; Owner: postgres
--

SELECT pg_catalog.setval('public.django_migrations_id_seq', 36, true);


--
-- Name: equipamentos_categoriaequipamento_id_seq; Type: SEQUENCE SET; Schema: public; Owner: cyberos_user
--

SELECT pg_catalog.setval('public.equipamentos_categoriaequipamento_id_seq', 1, false);


--
-- Name: equipamentos_equipamento_id_seq; Type: SEQUENCE SET; Schema: public; Owner: cyberos_user
--

SELECT pg_catalog.setval('public.equipamentos_equipamento_id_seq', 1, true);


--
-- Name: equipamentos_manutencaoequipamento_id_seq; Type: SEQUENCE SET; Schema: public; Owner: cyberos_user
--

SELECT pg_catalog.setval('public.equipamentos_manutencaoequipamento_id_seq', 1, false);


--
-- Name: ordens_anexo_id_seq; Type: SEQUENCE SET; Schema: public; Owner: postgres
--

SELECT pg_catalog.setval('public.ordens_anexo_id_seq', 1, false);


--
-- Name: ordens_categoria_id_seq; Type: SEQUENCE SET; Schema: public; Owner: postgres
--

SELECT pg_catalog.setval('public.ordens_categoria_id_seq', 1, false);


--
-- Name: ordens_comentario_id_seq; Type: SEQUENCE SET; Schema: public; Owner: postgres
--

SELECT pg_catalog.setval('public.ordens_comentario_id_seq', 1, false);


--
-- Name: ordens_ordemservico_id_seq; Type: SEQUENCE SET; Schema: public; Owner: postgres
--

SELECT pg_catalog.setval('public.ordens_ordemservico_id_seq', 1, false);


--
-- Name: ordens_produtoutilizado_id_seq; Type: SEQUENCE SET; Schema: public; Owner: postgres
--

SELECT pg_catalog.setval('public.ordens_produtoutilizado_id_seq', 1, false);


--
-- Name: produtos_categoria_id_seq; Type: SEQUENCE SET; Schema: public; Owner: postgres
--

SELECT pg_catalog.setval('public.produtos_categoria_id_seq', 1, false);


--
-- Name: produtos_movimentacaoestoque_id_seq; Type: SEQUENCE SET; Schema: public; Owner: postgres
--

SELECT pg_catalog.setval('public.produtos_movimentacaoestoque_id_seq', 1, false);


--
-- Name: produtos_produto_id_seq; Type: SEQUENCE SET; Schema: public; Owner: postgres
--

SELECT pg_catalog.setval('public.produtos_produto_id_seq', 1, false);


--
-- Name: produtos_unidademedida_id_seq; Type: SEQUENCE SET; Schema: public; Owner: postgres
--

SELECT pg_catalog.setval('public.produtos_unidademedida_id_seq', 1, false);


--
-- Name: tecnicos_localizacaoatendimento_id_seq; Type: SEQUENCE SET; Schema: public; Owner: postgres
--

SELECT pg_catalog.setval('public.tecnicos_localizacaoatendimento_id_seq', 1, false);


--
-- Name: tecnicos_registroponto_id_seq; Type: SEQUENCE SET; Schema: public; Owner: cyberos_user
--

SELECT pg_catalog.setval('public.tecnicos_registroponto_id_seq', 1, false);


--
-- Name: tecnicos_tecnico_id_seq; Type: SEQUENCE SET; Schema: public; Owner: postgres
--

SELECT pg_catalog.setval('public.tecnicos_tecnico_id_seq', 1, true);


--
-- Name: auth_group auth_group_name_key; Type: CONSTRAINT; Schema: public; Owner: postgres
--

ALTER TABLE ONLY public.auth_group
    ADD CONSTRAINT auth_group_name_key UNIQUE (name);


--
-- Name: auth_group_permissions auth_group_permissions_group_id_permission_id_0cd325b0_uniq; Type: CONSTRAINT; Schema: public; Owner: postgres
--

ALTER TABLE ONLY public.auth_group_permissions
    ADD CONSTRAINT auth_group_permissions_group_id_permission_id_0cd325b0_uniq UNIQUE (group_id, permission_id);


--
-- Name: auth_group_permissions auth_group_permissions_pkey; Type: CONSTRAINT; Schema: public; Owner: postgres
--

ALTER TABLE ONLY public.auth_group_permissions
    ADD CONSTRAINT auth_group_permissions_pkey PRIMARY KEY (id);


--
-- Name: auth_group auth_group_pkey; Type: CONSTRAINT; Schema: public; Owner: postgres
--

ALTER TABLE ONLY public.auth_group
    ADD CONSTRAINT auth_group_pkey PRIMARY KEY (id);


--
-- Name: auth_permission auth_permission_content_type_id_codename_01ab375a_uniq; Type: CONSTRAINT; Schema: public; Owner: postgres
--

ALTER TABLE ONLY public.auth_permission
    ADD CONSTRAINT auth_permission_content_type_id_codename_01ab375a_uniq UNIQUE (content_type_id, codename);


--
-- Name: auth_permission auth_permission_pkey; Type: CONSTRAINT; Schema: public; Owner: postgres
--

ALTER TABLE ONLY public.auth_permission
    ADD CONSTRAINT auth_permission_pkey PRIMARY KEY (id);


--
-- Name: auth_user_groups auth_user_groups_pkey; Type: CONSTRAINT; Schema: public; Owner: postgres
--

ALTER TABLE ONLY public.auth_user_groups
    ADD CONSTRAINT auth_user_groups_pkey PRIMARY KEY (id);


--
-- Name: auth_user_groups auth_user_groups_user_id_group_id_94350c0c_uniq; Type: CONSTRAINT; Schema: public; Owner: postgres
--

ALTER TABLE ONLY public.auth_user_groups
    ADD CONSTRAINT auth_user_groups_user_id_group_id_94350c0c_uniq UNIQUE (user_id, group_id);


--
-- Name: auth_user auth_user_pkey; Type: CONSTRAINT; Schema: public; Owner: postgres
--

ALTER TABLE ONLY public.auth_user
    ADD CONSTRAINT auth_user_pkey PRIMARY KEY (id);


--
-- Name: auth_user_user_permissions auth_user_user_permissions_pkey; Type: CONSTRAINT; Schema: public; Owner: postgres
--

ALTER TABLE ONLY public.auth_user_user_permissions
    ADD CONSTRAINT auth_user_user_permissions_pkey PRIMARY KEY (id);


--
-- Name: auth_user_user_permissions auth_user_user_permissions_user_id_permission_id_14a6b632_uniq; Type: CONSTRAINT; Schema: public; Owner: postgres
--

ALTER TABLE ONLY public.auth_user_user_permissions
    ADD CONSTRAINT auth_user_user_permissions_user_id_permission_id_14a6b632_uniq UNIQUE (user_id, permission_id);


--
-- Name: auth_user auth_user_username_key; Type: CONSTRAINT; Schema: public; Owner: postgres
--

ALTER TABLE ONLY public.auth_user
    ADD CONSTRAINT auth_user_username_key UNIQUE (username);


--
-- Name: clientes_cliente clientes_cliente_codigo_key; Type: CONSTRAINT; Schema: public; Owner: postgres
--

ALTER TABLE ONLY public.clientes_cliente
    ADD CONSTRAINT clientes_cliente_codigo_key UNIQUE (codigo);


--
-- Name: clientes_cliente clientes_cliente_cpf_cnpj_key; Type: CONSTRAINT; Schema: public; Owner: postgres
--

ALTER TABLE ONLY public.clientes_cliente
    ADD CONSTRAINT clientes_cliente_cpf_cnpj_key UNIQUE (cpf_cnpj);


--
-- Name: clientes_cliente clientes_cliente_pkey; Type: CONSTRAINT; Schema: public; Owner: postgres
--

ALTER TABLE ONLY public.clientes_cliente
    ADD CONSTRAINT clientes_cliente_pkey PRIMARY KEY (id);


--
-- Name: clientes_cliente clientes_cliente_slug_key; Type: CONSTRAINT; Schema: public; Owner: postgres
--

ALTER TABLE ONLY public.clientes_cliente
    ADD CONSTRAINT clientes_cliente_slug_key UNIQUE (slug);


--
-- Name: clientes_contratocliente clientes_contratocliente_pkey; Type: CONSTRAINT; Schema: public; Owner: postgres
--

ALTER TABLE ONLY public.clientes_contratocliente
    ADD CONSTRAINT clientes_contratocliente_pkey PRIMARY KEY (id);


--
-- Name: dashboard_metricadiaria dashboard_metricadiaria_data_key; Type: CONSTRAINT; Schema: public; Owner: postgres
--

ALTER TABLE ONLY public.dashboard_metricadiaria
    ADD CONSTRAINT dashboard_metricadiaria_data_key UNIQUE (data);


--
-- Name: dashboard_metricadiaria dashboard_metricadiaria_pkey; Type: CONSTRAINT; Schema: public; Owner: postgres
--

ALTER TABLE ONLY public.dashboard_metricadiaria
    ADD CONSTRAINT dashboard_metricadiaria_pkey PRIMARY KEY (id);


--
-- Name: django_admin_log django_admin_log_pkey; Type: CONSTRAINT; Schema: public; Owner: postgres
--

ALTER TABLE ONLY public.django_admin_log
    ADD CONSTRAINT django_admin_log_pkey PRIMARY KEY (id);


--
-- Name: django_content_type django_content_type_app_label_model_76bd3d3b_uniq; Type: CONSTRAINT; Schema: public; Owner: postgres
--

ALTER TABLE ONLY public.django_content_type
    ADD CONSTRAINT django_content_type_app_label_model_76bd3d3b_uniq UNIQUE (app_label, model);


--
-- Name: django_content_type django_content_type_pkey; Type: CONSTRAINT; Schema: public; Owner: postgres
--

ALTER TABLE ONLY public.django_content_type
    ADD CONSTRAINT django_content_type_pkey PRIMARY KEY (id);


--
-- Name: django_migrations django_migrations_pkey; Type: CONSTRAINT; Schema: public; Owner: postgres
--

ALTER TABLE ONLY public.django_migrations
    ADD CONSTRAINT django_migrations_pkey PRIMARY KEY (id);


--
-- Name: django_session django_session_pkey; Type: CONSTRAINT; Schema: public; Owner: postgres
--

ALTER TABLE ONLY public.django_session
    ADD CONSTRAINT django_session_pkey PRIMARY KEY (session_key);


--
-- Name: equipamentos_categoriaequipamento equipamentos_categoriaequipamento_pkey; Type: CONSTRAINT; Schema: public; Owner: cyberos_user
--

ALTER TABLE ONLY public.equipamentos_categoriaequipamento
    ADD CONSTRAINT equipamentos_categoriaequipamento_pkey PRIMARY KEY (id);


--
-- Name: equipamentos_categoriaequipamento equipamentos_categoriaequipamento_slug_key; Type: CONSTRAINT; Schema: public; Owner: cyberos_user
--

ALTER TABLE ONLY public.equipamentos_categoriaequipamento
    ADD CONSTRAINT equipamentos_categoriaequipamento_slug_key UNIQUE (slug);


--
-- Name: equipamentos_equipamento equipamentos_equipamento_cliente_id_numero_serie_73973ec0_uniq; Type: CONSTRAINT; Schema: public; Owner: cyberos_user
--

ALTER TABLE ONLY public.equipamentos_equipamento
    ADD CONSTRAINT equipamentos_equipamento_cliente_id_numero_serie_73973ec0_uniq UNIQUE (cliente_id, numero_serie);


--
-- Name: equipamentos_equipamento equipamentos_equipamento_codigo_key; Type: CONSTRAINT; Schema: public; Owner: cyberos_user
--

ALTER TABLE ONLY public.equipamentos_equipamento
    ADD CONSTRAINT equipamentos_equipamento_codigo_key UNIQUE (codigo);


--
-- Name: equipamentos_equipamento equipamentos_equipamento_pkey; Type: CONSTRAINT; Schema: public; Owner: cyberos_user
--

ALTER TABLE ONLY public.equipamentos_equipamento
    ADD CONSTRAINT equipamentos_equipamento_pkey PRIMARY KEY (id);


--
-- Name: equipamentos_equipamento equipamentos_equipamento_slug_key; Type: CONSTRAINT; Schema: public; Owner: cyberos_user
--

ALTER TABLE ONLY public.equipamentos_equipamento
    ADD CONSTRAINT equipamentos_equipamento_slug_key UNIQUE (slug);


--
-- Name: equipamentos_manutencaoequipamento equipamentos_manutencaoequipamento_pkey; Type: CONSTRAINT; Schema: public; Owner: cyberos_user
--

ALTER TABLE ONLY public.equipamentos_manutencaoequipamento
    ADD CONSTRAINT equipamentos_manutencaoequipamento_pkey PRIMARY KEY (id);


--
-- Name: ordens_anexo ordens_anexo_pkey; Type: CONSTRAINT; Schema: public; Owner: postgres
--

ALTER TABLE ONLY public.ordens_anexo
    ADD CONSTRAINT ordens_anexo_pkey PRIMARY KEY (id);


--
-- Name: ordens_categoria ordens_categoria_pkey; Type: CONSTRAINT; Schema: public; Owner: postgres
--

ALTER TABLE ONLY public.ordens_categoria
    ADD CONSTRAINT ordens_categoria_pkey PRIMARY KEY (id);


--
-- Name: ordens_categoria ordens_categoria_slug_key; Type: CONSTRAINT; Schema: public; Owner: postgres
--

ALTER TABLE ONLY public.ordens_categoria
    ADD CONSTRAINT ordens_categoria_slug_key UNIQUE (slug);


--
-- Name: ordens_comentario ordens_comentario_pkey; Type: CONSTRAINT; Schema: public; Owner: postgres
--

ALTER TABLE ONLY public.ordens_comentario
    ADD CONSTRAINT ordens_comentario_pkey PRIMARY KEY (id);


--
-- Name: ordens_ordemservico ordens_ordemservico_numero_key; Type: CONSTRAINT; Schema: public; Owner: postgres
--

ALTER TABLE ONLY public.ordens_ordemservico
    ADD CONSTRAINT ordens_ordemservico_numero_key UNIQUE (numero);


--
-- Name: ordens_ordemservico ordens_ordemservico_pkey; Type: CONSTRAINT; Schema: public; Owner: postgres
--

ALTER TABLE ONLY public.ordens_ordemservico
    ADD CONSTRAINT ordens_ordemservico_pkey PRIMARY KEY (id);


--
-- Name: ordens_ordemservico ordens_ordemservico_slug_key; Type: CONSTRAINT; Schema: public; Owner: postgres
--

ALTER TABLE ONLY public.ordens_ordemservico
    ADD CONSTRAINT ordens_ordemservico_slug_key UNIQUE (slug);


--
-- Name: ordens_produtoutilizado ordens_produtoutilizado_ordem_servico_id_produto_ce402ac1_uniq; Type: CONSTRAINT; Schema: public; Owner: postgres
--

ALTER TABLE ONLY public.ordens_produtoutilizado
    ADD CONSTRAINT ordens_produtoutilizado_ordem_servico_id_produto_ce402ac1_uniq UNIQUE (ordem_servico_id, produto_id);


--
-- Name: ordens_produtoutilizado ordens_produtoutilizado_pkey; Type: CONSTRAINT; Schema: public; Owner: postgres
--

ALTER TABLE ONLY public.ordens_produtoutilizado
    ADD CONSTRAINT ordens_produtoutilizado_pkey PRIMARY KEY (id);


--
-- Name: produtos_categoria produtos_categoria_pkey; Type: CONSTRAINT; Schema: public; Owner: postgres
--

ALTER TABLE ONLY public.produtos_categoria
    ADD CONSTRAINT produtos_categoria_pkey PRIMARY KEY (id);


--
-- Name: produtos_categoria produtos_categoria_slug_key; Type: CONSTRAINT; Schema: public; Owner: postgres
--

ALTER TABLE ONLY public.produtos_categoria
    ADD CONSTRAINT produtos_categoria_slug_key UNIQUE (slug);


--
-- Name: produtos_movimentacaoestoque produtos_movimentacaoestoque_pkey; Type: CONSTRAINT; Schema: public; Owner: postgres
--

ALTER TABLE ONLY public.produtos_movimentacaoestoque
    ADD CONSTRAINT produtos_movimentacaoestoque_pkey PRIMARY KEY (id);


--
-- Name: produtos_produto produtos_produto_codigo_key; Type: CONSTRAINT; Schema: public; Owner: postgres
--

ALTER TABLE ONLY public.produtos_produto
    ADD CONSTRAINT produtos_produto_codigo_key UNIQUE (codigo);


--
-- Name: produtos_produto produtos_produto_pkey; Type: CONSTRAINT; Schema: public; Owner: postgres
--

ALTER TABLE ONLY public.produtos_produto
    ADD CONSTRAINT produtos_produto_pkey PRIMARY KEY (id);


--
-- Name: produtos_produto produtos_produto_slug_key; Type: CONSTRAINT; Schema: public; Owner: postgres
--

ALTER TABLE ONLY public.produtos_produto
    ADD CONSTRAINT produtos_produto_slug_key UNIQUE (slug);


--
-- Name: produtos_unidademedida produtos_unidademedida_pkey; Type: CONSTRAINT; Schema: public; Owner: postgres
--

ALTER TABLE ONLY public.produtos_unidademedida
    ADD CONSTRAINT produtos_unidademedida_pkey PRIMARY KEY (id);


--
-- Name: produtos_unidademedida produtos_unidademedida_sigla_key; Type: CONSTRAINT; Schema: public; Owner: postgres
--

ALTER TABLE ONLY public.produtos_unidademedida
    ADD CONSTRAINT produtos_unidademedida_sigla_key UNIQUE (sigla);


--
-- Name: tecnicos_localizacaoatendimento tecnicos_localizacaoatendimento_pkey; Type: CONSTRAINT; Schema: public; Owner: postgres
--

ALTER TABLE ONLY public.tecnicos_localizacaoatendimento
    ADD CONSTRAINT tecnicos_localizacaoatendimento_pkey PRIMARY KEY (id);


--
-- Name: tecnicos_registroponto tecnicos_registroponto_pkey; Type: CONSTRAINT; Schema: public; Owner: cyberos_user
--

ALTER TABLE ONLY public.tecnicos_registroponto
    ADD CONSTRAINT tecnicos_registroponto_pkey PRIMARY KEY (id);


--
-- Name: tecnicos_tecnico tecnicos_tecnico_codigo_key; Type: CONSTRAINT; Schema: public; Owner: postgres
--

ALTER TABLE ONLY public.tecnicos_tecnico
    ADD CONSTRAINT tecnicos_tecnico_codigo_key UNIQUE (codigo);


--
-- Name: tecnicos_tecnico tecnicos_tecnico_cpf_key; Type: CONSTRAINT; Schema: public; Owner: postgres
--

ALTER TABLE ONLY public.tecnicos_tecnico
    ADD CONSTRAINT tecnicos_tecnico_cpf_key UNIQUE (cpf);


--
-- Name: tecnicos_tecnico tecnicos_tecnico_pkey; Type: CONSTRAINT; Schema: public; Owner: postgres
--

ALTER TABLE ONLY public.tecnicos_tecnico
    ADD CONSTRAINT tecnicos_tecnico_pkey PRIMARY KEY (id);


--
-- Name: tecnicos_tecnico tecnicos_tecnico_slug_key; Type: CONSTRAINT; Schema: public; Owner: postgres
--

ALTER TABLE ONLY public.tecnicos_tecnico
    ADD CONSTRAINT tecnicos_tecnico_slug_key UNIQUE (slug);


--
-- Name: tecnicos_tecnico tecnicos_tecnico_usuario_id_key; Type: CONSTRAINT; Schema: public; Owner: postgres
--

ALTER TABLE ONLY public.tecnicos_tecnico
    ADD CONSTRAINT tecnicos_tecnico_usuario_id_key UNIQUE (usuario_id);


--
-- Name: auth_group_name_a6ea08ec_like; Type: INDEX; Schema: public; Owner: postgres
--

CREATE INDEX auth_group_name_a6ea08ec_like ON public.auth_group USING btree (name varchar_pattern_ops);


--
-- Name: auth_group_permissions_group_id_b120cbf9; Type: INDEX; Schema: public; Owner: postgres
--

CREATE INDEX auth_group_permissions_group_id_b120cbf9 ON public.auth_group_permissions USING btree (group_id);


--
-- Name: auth_group_permissions_permission_id_84c5c92e; Type: INDEX; Schema: public; Owner: postgres
--

CREATE INDEX auth_group_permissions_permission_id_84c5c92e ON public.auth_group_permissions USING btree (permission_id);


--
-- Name: auth_permission_content_type_id_2f476e4b; Type: INDEX; Schema: public; Owner: postgres
--

CREATE INDEX auth_permission_content_type_id_2f476e4b ON public.auth_permission USING btree (content_type_id);


--
-- Name: auth_user_groups_group_id_97559544; Type: INDEX; Schema: public; Owner: postgres
--

CREATE INDEX auth_user_groups_group_id_97559544 ON public.auth_user_groups USING btree (group_id);


--
-- Name: auth_user_groups_user_id_6a12ed8b; Type: INDEX; Schema: public; Owner: postgres
--

CREATE INDEX auth_user_groups_user_id_6a12ed8b ON public.auth_user_groups USING btree (user_id);


--
-- Name: auth_user_user_permissions_permission_id_1fbb5f2c; Type: INDEX; Schema: public; Owner: postgres
--

CREATE INDEX auth_user_user_permissions_permission_id_1fbb5f2c ON public.auth_user_user_permissions USING btree (permission_id);


--
-- Name: auth_user_user_permissions_user_id_a95ead1b; Type: INDEX; Schema: public; Owner: postgres
--

CREATE INDEX auth_user_user_permissions_user_id_a95ead1b ON public.auth_user_user_permissions USING btree (user_id);


--
-- Name: auth_user_username_6821ab7c_like; Type: INDEX; Schema: public; Owner: postgres
--

CREATE INDEX auth_user_username_6821ab7c_like ON public.auth_user USING btree (username varchar_pattern_ops);


--
-- Name: clientes_cliente_codigo_f8f0734a_like; Type: INDEX; Schema: public; Owner: postgres
--

CREATE INDEX clientes_cliente_codigo_f8f0734a_like ON public.clientes_cliente USING btree (codigo varchar_pattern_ops);


--
-- Name: clientes_cliente_cpf_cnpj_6f15b19b_like; Type: INDEX; Schema: public; Owner: postgres
--

CREATE INDEX clientes_cliente_cpf_cnpj_6f15b19b_like ON public.clientes_cliente USING btree (cpf_cnpj varchar_pattern_ops);


--
-- Name: clientes_cliente_slug_c99858a2_like; Type: INDEX; Schema: public; Owner: postgres
--

CREATE INDEX clientes_cliente_slug_c99858a2_like ON public.clientes_cliente USING btree (slug varchar_pattern_ops);


--
-- Name: clientes_contratocliente_cliente_id_83cabeac; Type: INDEX; Schema: public; Owner: postgres
--

CREATE INDEX clientes_contratocliente_cliente_id_83cabeac ON public.clientes_contratocliente USING btree (cliente_id);


--
-- Name: django_admin_log_content_type_id_c4bce8eb; Type: INDEX; Schema: public; Owner: postgres
--

CREATE INDEX django_admin_log_content_type_id_c4bce8eb ON public.django_admin_log USING btree (content_type_id);


--
-- Name: django_admin_log_user_id_c564eba6; Type: INDEX; Schema: public; Owner: postgres
--

CREATE INDEX django_admin_log_user_id_c564eba6 ON public.django_admin_log USING btree (user_id);


--
-- Name: django_session_expire_date_a5c62663; Type: INDEX; Schema: public; Owner: postgres
--

CREATE INDEX django_session_expire_date_a5c62663 ON public.django_session USING btree (expire_date);


--
-- Name: django_session_session_key_c0390e0f_like; Type: INDEX; Schema: public; Owner: postgres
--

CREATE INDEX django_session_session_key_c0390e0f_like ON public.django_session USING btree (session_key varchar_pattern_ops);


--
-- Name: equipamentos_categoriaequipamento_slug_bae3014f_like; Type: INDEX; Schema: public; Owner: cyberos_user
--

CREATE INDEX equipamentos_categoriaequipamento_slug_bae3014f_like ON public.equipamentos_categoriaequipamento USING btree (slug varchar_pattern_ops);


--
-- Name: equipamentos_equipamento_categoria_id_8ca6314a; Type: INDEX; Schema: public; Owner: cyberos_user
--

CREATE INDEX equipamentos_equipamento_categoria_id_8ca6314a ON public.equipamentos_equipamento USING btree (categoria_id);


--
-- Name: equipamentos_equipamento_cliente_id_89813788; Type: INDEX; Schema: public; Owner: cyberos_user
--

CREATE INDEX equipamentos_equipamento_cliente_id_89813788 ON public.equipamentos_equipamento USING btree (cliente_id);


--
-- Name: equipamentos_equipamento_codigo_1a17cb22_like; Type: INDEX; Schema: public; Owner: cyberos_user
--

CREATE INDEX equipamentos_equipamento_codigo_1a17cb22_like ON public.equipamentos_equipamento USING btree (codigo varchar_pattern_ops);


--
-- Name: equipamentos_equipamento_slug_794d9be1_like; Type: INDEX; Schema: public; Owner: cyberos_user
--

CREATE INDEX equipamentos_equipamento_slug_794d9be1_like ON public.equipamentos_equipamento USING btree (slug varchar_pattern_ops);


--
-- Name: equipamentos_manutencaoequipamento_equipamento_id_ee447250; Type: INDEX; Schema: public; Owner: cyberos_user
--

CREATE INDEX equipamentos_manutencaoequipamento_equipamento_id_ee447250 ON public.equipamentos_manutencaoequipamento USING btree (equipamento_id);


--
-- Name: equipamentos_manutencaoequipamento_ordem_servico_id_f36e46c2; Type: INDEX; Schema: public; Owner: cyberos_user
--

CREATE INDEX equipamentos_manutencaoequipamento_ordem_servico_id_f36e46c2 ON public.equipamentos_manutencaoequipamento USING btree (ordem_servico_id);


--
-- Name: ordens_anexo_ordem_id_aa2da7da; Type: INDEX; Schema: public; Owner: postgres
--

CREATE INDEX ordens_anexo_ordem_id_aa2da7da ON public.ordens_anexo USING btree (ordem_id);


--
-- Name: ordens_categoria_slug_55e5207a_like; Type: INDEX; Schema: public; Owner: postgres
--

CREATE INDEX ordens_categoria_slug_55e5207a_like ON public.ordens_categoria USING btree (slug varchar_pattern_ops);


--
-- Name: ordens_comentario_ordem_id_85ac01f2; Type: INDEX; Schema: public; Owner: postgres
--

CREATE INDEX ordens_comentario_ordem_id_85ac01f2 ON public.ordens_comentario USING btree (ordem_id);


--
-- Name: ordens_ordemservico_categoria_id_e5af85da; Type: INDEX; Schema: public; Owner: postgres
--

CREATE INDEX ordens_ordemservico_categoria_id_e5af85da ON public.ordens_ordemservico USING btree (categoria_id);


--
-- Name: ordens_ordemservico_cliente_id_7f58482b; Type: INDEX; Schema: public; Owner: postgres
--

CREATE INDEX ordens_ordemservico_cliente_id_7f58482b ON public.ordens_ordemservico USING btree (cliente_id);


--
-- Name: ordens_ordemservico_equipamento_id_df2206a9; Type: INDEX; Schema: public; Owner: postgres
--

CREATE INDEX ordens_ordemservico_equipamento_id_df2206a9 ON public.ordens_ordemservico USING btree (equipamento_id);


--
-- Name: ordens_ordemservico_numero_f9028385_like; Type: INDEX; Schema: public; Owner: postgres
--

CREATE INDEX ordens_ordemservico_numero_f9028385_like ON public.ordens_ordemservico USING btree (numero varchar_pattern_ops);


--
-- Name: ordens_ordemservico_slug_a8a9759a_like; Type: INDEX; Schema: public; Owner: postgres
--

CREATE INDEX ordens_ordemservico_slug_a8a9759a_like ON public.ordens_ordemservico USING btree (slug varchar_pattern_ops);


--
-- Name: ordens_ordemservico_tecnico_id_546d09d9; Type: INDEX; Schema: public; Owner: postgres
--

CREATE INDEX ordens_ordemservico_tecnico_id_546d09d9 ON public.ordens_ordemservico USING btree (tecnico_id);


--
-- Name: ordens_produtoutilizado_ordem_servico_id_5e2f3e1f; Type: INDEX; Schema: public; Owner: postgres
--

CREATE INDEX ordens_produtoutilizado_ordem_servico_id_5e2f3e1f ON public.ordens_produtoutilizado USING btree (ordem_servico_id);


--
-- Name: ordens_produtoutilizado_produto_id_b7cb53a9; Type: INDEX; Schema: public; Owner: postgres
--

CREATE INDEX ordens_produtoutilizado_produto_id_b7cb53a9 ON public.ordens_produtoutilizado USING btree (produto_id);


--
-- Name: produtos_categoria_slug_0a5b84e1_like; Type: INDEX; Schema: public; Owner: postgres
--

CREATE INDEX produtos_categoria_slug_0a5b84e1_like ON public.produtos_categoria USING btree (slug varchar_pattern_ops);


--
-- Name: produtos_movimentacaoestoque_ordem_servico_id_ec03f41e; Type: INDEX; Schema: public; Owner: postgres
--

CREATE INDEX produtos_movimentacaoestoque_ordem_servico_id_ec03f41e ON public.produtos_movimentacaoestoque USING btree (ordem_servico_id);


--
-- Name: produtos_movimentacaoestoque_produto_id_6a77274a; Type: INDEX; Schema: public; Owner: postgres
--

CREATE INDEX produtos_movimentacaoestoque_produto_id_6a77274a ON public.produtos_movimentacaoestoque USING btree (produto_id);


--
-- Name: produtos_movimentacaoestoque_usuario_id_d4a231bf; Type: INDEX; Schema: public; Owner: postgres
--

CREATE INDEX produtos_movimentacaoestoque_usuario_id_d4a231bf ON public.produtos_movimentacaoestoque USING btree (usuario_id);


--
-- Name: produtos_produto_categoria_id_4444949b; Type: INDEX; Schema: public; Owner: postgres
--

CREATE INDEX produtos_produto_categoria_id_4444949b ON public.produtos_produto USING btree (categoria_id);


--
-- Name: produtos_produto_codigo_5e3ac81c_like; Type: INDEX; Schema: public; Owner: postgres
--

CREATE INDEX produtos_produto_codigo_5e3ac81c_like ON public.produtos_produto USING btree (codigo varchar_pattern_ops);


--
-- Name: produtos_produto_slug_b395879f_like; Type: INDEX; Schema: public; Owner: postgres
--

CREATE INDEX produtos_produto_slug_b395879f_like ON public.produtos_produto USING btree (slug varchar_pattern_ops);


--
-- Name: produtos_produto_unidade_id_179e0e61; Type: INDEX; Schema: public; Owner: postgres
--

CREATE INDEX produtos_produto_unidade_id_179e0e61 ON public.produtos_produto USING btree (unidade_id);


--
-- Name: produtos_unidademedida_sigla_78a57194_like; Type: INDEX; Schema: public; Owner: postgres
--

CREATE INDEX produtos_unidademedida_sigla_78a57194_like ON public.produtos_unidademedida USING btree (sigla varchar_pattern_ops);


--
-- Name: tecnicos_localizacaoatendimento_ordem_servico_id_13edf959; Type: INDEX; Schema: public; Owner: postgres
--

CREATE INDEX tecnicos_localizacaoatendimento_ordem_servico_id_13edf959 ON public.tecnicos_localizacaoatendimento USING btree (ordem_servico_id);


--
-- Name: tecnicos_localizacaoatendimento_tecnico_id_4bf63554; Type: INDEX; Schema: public; Owner: postgres
--

CREATE INDEX tecnicos_localizacaoatendimento_tecnico_id_4bf63554 ON public.tecnicos_localizacaoatendimento USING btree (tecnico_id);


--
-- Name: tecnicos_registroponto_tecnico_id_cbdc5832; Type: INDEX; Schema: public; Owner: cyberos_user
--

CREATE INDEX tecnicos_registroponto_tecnico_id_cbdc5832 ON public.tecnicos_registroponto USING btree (tecnico_id);


--
-- Name: tecnicos_tecnico_codigo_2345925e_like; Type: INDEX; Schema: public; Owner: postgres
--

CREATE INDEX tecnicos_tecnico_codigo_2345925e_like ON public.tecnicos_tecnico USING btree (codigo varchar_pattern_ops);


--
-- Name: tecnicos_tecnico_cpf_1dcb5322_like; Type: INDEX; Schema: public; Owner: postgres
--

CREATE INDEX tecnicos_tecnico_cpf_1dcb5322_like ON public.tecnicos_tecnico USING btree (cpf varchar_pattern_ops);


--
-- Name: tecnicos_tecnico_slug_60dd4dd3_like; Type: INDEX; Schema: public; Owner: postgres
--

CREATE INDEX tecnicos_tecnico_slug_60dd4dd3_like ON public.tecnicos_tecnico USING btree (slug varchar_pattern_ops);


--
-- Name: auth_group_permissions auth_group_permissio_permission_id_84c5c92e_fk_auth_perm; Type: FK CONSTRAINT; Schema: public; Owner: postgres
--

ALTER TABLE ONLY public.auth_group_permissions
    ADD CONSTRAINT auth_group_permissio_permission_id_84c5c92e_fk_auth_perm FOREIGN KEY (permission_id) REFERENCES public.auth_permission(id) DEFERRABLE INITIALLY DEFERRED;


--
-- Name: auth_group_permissions auth_group_permissions_group_id_b120cbf9_fk_auth_group_id; Type: FK CONSTRAINT; Schema: public; Owner: postgres
--

ALTER TABLE ONLY public.auth_group_permissions
    ADD CONSTRAINT auth_group_permissions_group_id_b120cbf9_fk_auth_group_id FOREIGN KEY (group_id) REFERENCES public.auth_group(id) DEFERRABLE INITIALLY DEFERRED;


--
-- Name: auth_permission auth_permission_content_type_id_2f476e4b_fk_django_co; Type: FK CONSTRAINT; Schema: public; Owner: postgres
--

ALTER TABLE ONLY public.auth_permission
    ADD CONSTRAINT auth_permission_content_type_id_2f476e4b_fk_django_co FOREIGN KEY (content_type_id) REFERENCES public.django_content_type(id) DEFERRABLE INITIALLY DEFERRED;


--
-- Name: auth_user_groups auth_user_groups_group_id_97559544_fk_auth_group_id; Type: FK CONSTRAINT; Schema: public; Owner: postgres
--

ALTER TABLE ONLY public.auth_user_groups
    ADD CONSTRAINT auth_user_groups_group_id_97559544_fk_auth_group_id FOREIGN KEY (group_id) REFERENCES public.auth_group(id) DEFERRABLE INITIALLY DEFERRED;


--
-- Name: auth_user_groups auth_user_groups_user_id_6a12ed8b_fk_auth_user_id; Type: FK CONSTRAINT; Schema: public; Owner: postgres
--

ALTER TABLE ONLY public.auth_user_groups
    ADD CONSTRAINT auth_user_groups_user_id_6a12ed8b_fk_auth_user_id FOREIGN KEY (user_id) REFERENCES public.auth_user(id) DEFERRABLE INITIALLY DEFERRED;


--
-- Name: auth_user_user_permissions auth_user_user_permi_permission_id_1fbb5f2c_fk_auth_perm; Type: FK CONSTRAINT; Schema: public; Owner: postgres
--

ALTER TABLE ONLY public.auth_user_user_permissions
    ADD CONSTRAINT auth_user_user_permi_permission_id_1fbb5f2c_fk_auth_perm FOREIGN KEY (permission_id) REFERENCES public.auth_permission(id) DEFERRABLE INITIALLY DEFERRED;


--
-- Name: auth_user_user_permissions auth_user_user_permissions_user_id_a95ead1b_fk_auth_user_id; Type: FK CONSTRAINT; Schema: public; Owner: postgres
--

ALTER TABLE ONLY public.auth_user_user_permissions
    ADD CONSTRAINT auth_user_user_permissions_user_id_a95ead1b_fk_auth_user_id FOREIGN KEY (user_id) REFERENCES public.auth_user(id) DEFERRABLE INITIALLY DEFERRED;


--
-- Name: clientes_contratocliente clientes_contratocli_cliente_id_83cabeac_fk_clientes_; Type: FK CONSTRAINT; Schema: public; Owner: postgres
--

ALTER TABLE ONLY public.clientes_contratocliente
    ADD CONSTRAINT clientes_contratocli_cliente_id_83cabeac_fk_clientes_ FOREIGN KEY (cliente_id) REFERENCES public.clientes_cliente(id) DEFERRABLE INITIALLY DEFERRED;


--
-- Name: django_admin_log django_admin_log_content_type_id_c4bce8eb_fk_django_co; Type: FK CONSTRAINT; Schema: public; Owner: postgres
--

ALTER TABLE ONLY public.django_admin_log
    ADD CONSTRAINT django_admin_log_content_type_id_c4bce8eb_fk_django_co FOREIGN KEY (content_type_id) REFERENCES public.django_content_type(id) DEFERRABLE INITIALLY DEFERRED;


--
-- Name: django_admin_log django_admin_log_user_id_c564eba6_fk_auth_user_id; Type: FK CONSTRAINT; Schema: public; Owner: postgres
--

ALTER TABLE ONLY public.django_admin_log
    ADD CONSTRAINT django_admin_log_user_id_c564eba6_fk_auth_user_id FOREIGN KEY (user_id) REFERENCES public.auth_user(id) DEFERRABLE INITIALLY DEFERRED;


--
-- Name: equipamentos_equipamento equipamentos_equipam_categoria_id_8ca6314a_fk_equipamen; Type: FK CONSTRAINT; Schema: public; Owner: cyberos_user
--

ALTER TABLE ONLY public.equipamentos_equipamento
    ADD CONSTRAINT equipamentos_equipam_categoria_id_8ca6314a_fk_equipamen FOREIGN KEY (categoria_id) REFERENCES public.equipamentos_categoriaequipamento(id) DEFERRABLE INITIALLY DEFERRED;


--
-- Name: equipamentos_equipamento equipamentos_equipam_cliente_id_89813788_fk_clientes_; Type: FK CONSTRAINT; Schema: public; Owner: cyberos_user
--

ALTER TABLE ONLY public.equipamentos_equipamento
    ADD CONSTRAINT equipamentos_equipam_cliente_id_89813788_fk_clientes_ FOREIGN KEY (cliente_id) REFERENCES public.clientes_cliente(id) DEFERRABLE INITIALLY DEFERRED;


--
-- Name: equipamentos_manutencaoequipamento equipamentos_manuten_equipamento_id_ee447250_fk_equipamen; Type: FK CONSTRAINT; Schema: public; Owner: cyberos_user
--

ALTER TABLE ONLY public.equipamentos_manutencaoequipamento
    ADD CONSTRAINT equipamentos_manuten_equipamento_id_ee447250_fk_equipamen FOREIGN KEY (equipamento_id) REFERENCES public.equipamentos_equipamento(id) DEFERRABLE INITIALLY DEFERRED;


--
-- Name: equipamentos_manutencaoequipamento equipamentos_manuten_ordem_servico_id_f36e46c2_fk_ordens_or; Type: FK CONSTRAINT; Schema: public; Owner: cyberos_user
--

ALTER TABLE ONLY public.equipamentos_manutencaoequipamento
    ADD CONSTRAINT equipamentos_manuten_ordem_servico_id_f36e46c2_fk_ordens_or FOREIGN KEY (ordem_servico_id) REFERENCES public.ordens_ordemservico(id) DEFERRABLE INITIALLY DEFERRED;


--
-- Name: ordens_anexo ordens_anexo_ordem_id_aa2da7da_fk_ordens_ordemservico_id; Type: FK CONSTRAINT; Schema: public; Owner: postgres
--

ALTER TABLE ONLY public.ordens_anexo
    ADD CONSTRAINT ordens_anexo_ordem_id_aa2da7da_fk_ordens_ordemservico_id FOREIGN KEY (ordem_id) REFERENCES public.ordens_ordemservico(id) DEFERRABLE INITIALLY DEFERRED;


--
-- Name: ordens_comentario ordens_comentario_ordem_id_85ac01f2_fk_ordens_ordemservico_id; Type: FK CONSTRAINT; Schema: public; Owner: postgres
--

ALTER TABLE ONLY public.ordens_comentario
    ADD CONSTRAINT ordens_comentario_ordem_id_85ac01f2_fk_ordens_ordemservico_id FOREIGN KEY (ordem_id) REFERENCES public.ordens_ordemservico(id) DEFERRABLE INITIALLY DEFERRED;


--
-- Name: ordens_ordemservico ordens_ordemservico_categoria_id_e5af85da_fk_ordens_ca; Type: FK CONSTRAINT; Schema: public; Owner: postgres
--

ALTER TABLE ONLY public.ordens_ordemservico
    ADD CONSTRAINT ordens_ordemservico_categoria_id_e5af85da_fk_ordens_ca FOREIGN KEY (categoria_id) REFERENCES public.ordens_categoria(id) DEFERRABLE INITIALLY DEFERRED;


--
-- Name: ordens_ordemservico ordens_ordemservico_cliente_id_7f58482b_fk_clientes_cliente_id; Type: FK CONSTRAINT; Schema: public; Owner: postgres
--

ALTER TABLE ONLY public.ordens_ordemservico
    ADD CONSTRAINT ordens_ordemservico_cliente_id_7f58482b_fk_clientes_cliente_id FOREIGN KEY (cliente_id) REFERENCES public.clientes_cliente(id) DEFERRABLE INITIALLY DEFERRED;


--
-- Name: ordens_ordemservico ordens_ordemservico_equipamento_id_df2206a9_fk_equipamen; Type: FK CONSTRAINT; Schema: public; Owner: postgres
--

ALTER TABLE ONLY public.ordens_ordemservico
    ADD CONSTRAINT ordens_ordemservico_equipamento_id_df2206a9_fk_equipamen FOREIGN KEY (equipamento_id) REFERENCES public.equipamentos_equipamento(id) DEFERRABLE INITIALLY DEFERRED;


--
-- Name: ordens_ordemservico ordens_ordemservico_tecnico_id_546d09d9_fk_tecnicos_tecnico_id; Type: FK CONSTRAINT; Schema: public; Owner: postgres
--

ALTER TABLE ONLY public.ordens_ordemservico
    ADD CONSTRAINT ordens_ordemservico_tecnico_id_546d09d9_fk_tecnicos_tecnico_id FOREIGN KEY (tecnico_id) REFERENCES public.tecnicos_tecnico(id) DEFERRABLE INITIALLY DEFERRED;


--
-- Name: ordens_produtoutilizado ordens_produtoutiliz_ordem_servico_id_5e2f3e1f_fk_ordens_or; Type: FK CONSTRAINT; Schema: public; Owner: postgres
--

ALTER TABLE ONLY public.ordens_produtoutilizado
    ADD CONSTRAINT ordens_produtoutiliz_ordem_servico_id_5e2f3e1f_fk_ordens_or FOREIGN KEY (ordem_servico_id) REFERENCES public.ordens_ordemservico(id) DEFERRABLE INITIALLY DEFERRED;


--
-- Name: ordens_produtoutilizado ordens_produtoutiliz_produto_id_b7cb53a9_fk_produtos_; Type: FK CONSTRAINT; Schema: public; Owner: postgres
--

ALTER TABLE ONLY public.ordens_produtoutilizado
    ADD CONSTRAINT ordens_produtoutiliz_produto_id_b7cb53a9_fk_produtos_ FOREIGN KEY (produto_id) REFERENCES public.produtos_produto(id) DEFERRABLE INITIALLY DEFERRED;


--
-- Name: produtos_movimentacaoestoque produtos_movimentaca_ordem_servico_id_ec03f41e_fk_ordens_or; Type: FK CONSTRAINT; Schema: public; Owner: postgres
--

ALTER TABLE ONLY public.produtos_movimentacaoestoque
    ADD CONSTRAINT produtos_movimentaca_ordem_servico_id_ec03f41e_fk_ordens_or FOREIGN KEY (ordem_servico_id) REFERENCES public.ordens_ordemservico(id) DEFERRABLE INITIALLY DEFERRED;


--
-- Name: produtos_movimentacaoestoque produtos_movimentaca_produto_id_6a77274a_fk_produtos_; Type: FK CONSTRAINT; Schema: public; Owner: postgres
--

ALTER TABLE ONLY public.produtos_movimentacaoestoque
    ADD CONSTRAINT produtos_movimentaca_produto_id_6a77274a_fk_produtos_ FOREIGN KEY (produto_id) REFERENCES public.produtos_produto(id) DEFERRABLE INITIALLY DEFERRED;


--
-- Name: produtos_movimentacaoestoque produtos_movimentaca_usuario_id_d4a231bf_fk_auth_user; Type: FK CONSTRAINT; Schema: public; Owner: postgres
--

ALTER TABLE ONLY public.produtos_movimentacaoestoque
    ADD CONSTRAINT produtos_movimentaca_usuario_id_d4a231bf_fk_auth_user FOREIGN KEY (usuario_id) REFERENCES public.auth_user(id) DEFERRABLE INITIALLY DEFERRED;


--
-- Name: produtos_produto produtos_produto_categoria_id_4444949b_fk_produtos_categoria_id; Type: FK CONSTRAINT; Schema: public; Owner: postgres
--

ALTER TABLE ONLY public.produtos_produto
    ADD CONSTRAINT produtos_produto_categoria_id_4444949b_fk_produtos_categoria_id FOREIGN KEY (categoria_id) REFERENCES public.produtos_categoria(id) DEFERRABLE INITIALLY DEFERRED;


--
-- Name: produtos_produto produtos_produto_unidade_id_179e0e61_fk_produtos_; Type: FK CONSTRAINT; Schema: public; Owner: postgres
--

ALTER TABLE ONLY public.produtos_produto
    ADD CONSTRAINT produtos_produto_unidade_id_179e0e61_fk_produtos_ FOREIGN KEY (unidade_id) REFERENCES public.produtos_unidademedida(id) DEFERRABLE INITIALLY DEFERRED;


--
-- Name: tecnicos_localizacaoatendimento tecnicos_localizacao_ordem_servico_id_13edf959_fk_ordens_or; Type: FK CONSTRAINT; Schema: public; Owner: postgres
--

ALTER TABLE ONLY public.tecnicos_localizacaoatendimento
    ADD CONSTRAINT tecnicos_localizacao_ordem_servico_id_13edf959_fk_ordens_or FOREIGN KEY (ordem_servico_id) REFERENCES public.ordens_ordemservico(id) DEFERRABLE INITIALLY DEFERRED;


--
-- Name: tecnicos_localizacaoatendimento tecnicos_localizacao_tecnico_id_4bf63554_fk_tecnicos_; Type: FK CONSTRAINT; Schema: public; Owner: postgres
--

ALTER TABLE ONLY public.tecnicos_localizacaoatendimento
    ADD CONSTRAINT tecnicos_localizacao_tecnico_id_4bf63554_fk_tecnicos_ FOREIGN KEY (tecnico_id) REFERENCES public.tecnicos_tecnico(id) DEFERRABLE INITIALLY DEFERRED;


--
-- Name: tecnicos_registroponto tecnicos_registropon_tecnico_id_cbdc5832_fk_tecnicos_; Type: FK CONSTRAINT; Schema: public; Owner: cyberos_user
--

ALTER TABLE ONLY public.tecnicos_registroponto
    ADD CONSTRAINT tecnicos_registropon_tecnico_id_cbdc5832_fk_tecnicos_ FOREIGN KEY (tecnico_id) REFERENCES public.tecnicos_tecnico(id) DEFERRABLE INITIALLY DEFERRED;


--
-- Name: tecnicos_tecnico tecnicos_tecnico_usuario_id_2af7caf2_fk_auth_user_id; Type: FK CONSTRAINT; Schema: public; Owner: postgres
--

ALTER TABLE ONLY public.tecnicos_tecnico
    ADD CONSTRAINT tecnicos_tecnico_usuario_id_2af7caf2_fk_auth_user_id FOREIGN KEY (usuario_id) REFERENCES public.auth_user(id) DEFERRABLE INITIALLY DEFERRED;


--
-- PostgreSQL database dump complete
--

