PRAGMA foreign_keys=OFF;
BEGIN TRANSACTION;
CREATE TABLE IF NOT EXISTS "django_migrations" ("id" integer NOT NULL PRIMARY KEY AUTOINCREMENT, "app" varchar(255) NOT NULL, "name" varchar(255) NOT NULL, "applied" datetime NOT NULL);
INSERT INTO django_migrations VALUES(1,'contenttypes','0001_initial','2025-04-23 19:32:50.123191');
INSERT INTO django_migrations VALUES(2,'auth','0001_initial','2025-04-23 19:32:50.142138');
INSERT INTO django_migrations VALUES(3,'admin','0001_initial','2025-04-23 19:32:50.157112');
INSERT INTO django_migrations VALUES(4,'admin','0002_logentry_remove_auto_add','2025-04-23 19:32:50.170662');
INSERT INTO django_migrations VALUES(5,'admin','0003_logentry_add_action_flag_choices','2025-04-23 19:32:50.180155');
INSERT INTO django_migrations VALUES(6,'contenttypes','0002_remove_content_type_name','2025-04-23 19:32:50.200760');
INSERT INTO django_migrations VALUES(7,'auth','0002_alter_permission_name_max_length','2025-04-23 19:32:50.214567');
INSERT INTO django_migrations VALUES(8,'auth','0003_alter_user_email_max_length','2025-04-23 19:32:50.227081');
INSERT INTO django_migrations VALUES(9,'auth','0004_alter_user_username_opts','2025-04-23 19:32:50.236141');
INSERT INTO django_migrations VALUES(10,'auth','0005_alter_user_last_login_null','2025-04-23 19:32:50.249275');
INSERT INTO django_migrations VALUES(11,'auth','0006_require_contenttypes_0002','2025-04-23 19:32:50.252838');
INSERT INTO django_migrations VALUES(12,'auth','0007_alter_validators_add_error_messages','2025-04-23 19:32:50.263049');
INSERT INTO django_migrations VALUES(13,'auth','0008_alter_user_username_max_length','2025-04-23 19:32:50.282262');
INSERT INTO django_migrations VALUES(14,'auth','0009_alter_user_last_name_max_length','2025-04-23 19:32:50.294302');
INSERT INTO django_migrations VALUES(15,'auth','0010_alter_group_name_max_length','2025-04-23 19:32:50.309654');
INSERT INTO django_migrations VALUES(16,'auth','0011_update_proxy_permissions','2025-04-23 19:32:50.318344');
INSERT INTO django_migrations VALUES(17,'auth','0012_alter_user_first_name_max_length','2025-04-23 19:32:50.332331');
INSERT INTO django_migrations VALUES(18,'clientes','0001_initial','2025-04-23 19:32:50.339259');
INSERT INTO django_migrations VALUES(19,'clientes','0002_cliente_codigo','2025-04-23 19:32:50.349786');
INSERT INTO django_migrations VALUES(20,'clientes','0003_contratocliente','2025-04-23 19:32:50.360773');
INSERT INTO django_migrations VALUES(21,'clientes','0004_empresa','2025-04-23 19:32:50.368293');
INSERT INTO django_migrations VALUES(22,'clientes','0005_clienteusuario_delete_empresa','2025-04-23 19:32:50.387253');
INSERT INTO django_migrations VALUES(23,'clientes','0006_empresa_alter_cliente_bairro_alter_cliente_celular_and_more','2025-04-23 19:32:50.553247');
INSERT INTO django_migrations VALUES(24,'clientes','0007_alter_clienteusuario_empresa','2025-04-23 19:32:50.571373');
INSERT INTO django_migrations VALUES(25,'clientes','0008_auto_20250423_1143','2025-04-23 19:32:50.576071');
INSERT INTO django_migrations VALUES(26,'clientes','0009_remove_cliente_codigo_remove_cliente_data_cadastro_and_more','2025-04-23 19:32:50.936959');
INSERT INTO django_migrations VALUES(27,'dashboard','0001_initial','2025-04-23 19:32:50.942061');
INSERT INTO django_migrations VALUES(28,'tecnicos','0001_initial','2025-04-23 19:32:50.954179');
INSERT INTO django_migrations VALUES(29,'ordens','0001_initial','2025-04-23 19:32:51.004094');
INSERT INTO django_migrations VALUES(30,'ordens','0002_categoria_slug','2025-04-23 19:32:51.012556');
INSERT INTO django_migrations VALUES(31,'ordens','0003_remove_ordemservico_avaliacao_and_more','2025-04-23 19:32:51.392021');
INSERT INTO django_migrations VALUES(32,'ordens','0004_ordemservico_id_tecnico_ordemservico_nome_tecnico','2025-04-23 19:32:51.424486');
INSERT INTO django_migrations VALUES(33,'ordens','0005_comentario_data_resolucao_and_more','2025-04-23 19:32:51.490231');
INSERT INTO django_migrations VALUES(34,'produtos','0001_initial','2025-04-23 19:32:51.524015');
INSERT INTO django_migrations VALUES(35,'produtos','0002_unidademedida_and_more','2025-04-23 19:32:51.616031');
INSERT INTO django_migrations VALUES(36,'ordens','0006_produtoutilizado_ordemservico_produtos','2025-04-23 19:32:51.663564');
INSERT INTO django_migrations VALUES(37,'equipamentos','0001_initial','2025-04-23 19:32:51.719311');
INSERT INTO django_migrations VALUES(38,'ordens','0007_ordemservico_equipamento','2025-04-23 19:32:51.757613');
INSERT INTO django_migrations VALUES(39,'ordens','0008_categoria_data_criacao','2025-04-23 19:32:51.768429');
INSERT INTO django_migrations VALUES(40,'sessions','0001_initial','2025-04-23 19:32:51.777021');
INSERT INTO django_migrations VALUES(41,'tecnicos','0002_localizacaoatendimento','2025-04-23 19:32:51.806833');
INSERT INTO django_migrations VALUES(42,'tecnicos','0003_registroponto','2025-04-23 19:32:51.837415');
INSERT INTO django_migrations VALUES(43,'usuarios','0001_initial','2025-04-23 19:32:51.914808');
INSERT INTO django_migrations VALUES(44,'usuarios','0002_menu_codigo','2025-04-23 19:52:06.138207');
INSERT INTO django_migrations VALUES(45,'usuarios','0003_alter_permissao_unique_together_permissao_perfil_and_more','2025-04-23 20:17:12.070314');
INSERT INTO django_migrations VALUES(46,'clientes','0010_cliente_codigo','2025-04-24 15:35:48.332691');
INSERT INTO django_migrations VALUES(51,'tecnicos','0004_tecnico_data_campos','2025-04-24 15:30:02');
INSERT INTO django_migrations VALUES(52,'tecnicos','0005_remove_tecnico_data_cadastro_and_more','2025-04-24 18:34:11.454226');
INSERT INTO django_migrations VALUES(53,'ordens','0009_ordemservico_assinatura_cliente','2025-04-25 14:20:04.496057');
CREATE TABLE IF NOT EXISTS "auth_group_permissions" ("id" integer NOT NULL PRIMARY KEY AUTOINCREMENT, "group_id" integer NOT NULL REFERENCES "auth_group" ("id") DEFERRABLE INITIALLY DEFERRED, "permission_id" integer NOT NULL REFERENCES "auth_permission" ("id") DEFERRABLE INITIALLY DEFERRED);
CREATE TABLE IF NOT EXISTS "auth_user_groups" ("id" integer NOT NULL PRIMARY KEY AUTOINCREMENT, "user_id" integer NOT NULL REFERENCES "auth_user" ("id") DEFERRABLE INITIALLY DEFERRED, "group_id" integer NOT NULL REFERENCES "auth_group" ("id") DEFERRABLE INITIALLY DEFERRED);
CREATE TABLE IF NOT EXISTS "auth_user_user_permissions" ("id" integer NOT NULL PRIMARY KEY AUTOINCREMENT, "user_id" integer NOT NULL REFERENCES "auth_user" ("id") DEFERRABLE INITIALLY DEFERRED, "permission_id" integer NOT NULL REFERENCES "auth_permission" ("id") DEFERRABLE INITIALLY DEFERRED);
CREATE TABLE IF NOT EXISTS "django_admin_log" ("id" integer NOT NULL PRIMARY KEY AUTOINCREMENT, "object_id" text NULL, "object_repr" varchar(200) NOT NULL, "action_flag" smallint unsigned NOT NULL CHECK ("action_flag" >= 0), "change_message" text NOT NULL, "content_type_id" integer NULL REFERENCES "django_content_type" ("id") DEFERRABLE INITIALLY DEFERRED, "user_id" integer NOT NULL REFERENCES "auth_user" ("id") DEFERRABLE INITIALLY DEFERRED, "action_time" datetime NOT NULL);
CREATE TABLE IF NOT EXISTS "django_content_type" ("id" integer NOT NULL PRIMARY KEY AUTOINCREMENT, "app_label" varchar(100) NOT NULL, "model" varchar(100) NOT NULL);
INSERT INTO django_content_type VALUES(1,'admin','logentry');
INSERT INTO django_content_type VALUES(2,'auth','permission');
INSERT INTO django_content_type VALUES(3,'auth','group');
INSERT INTO django_content_type VALUES(4,'auth','user');
INSERT INTO django_content_type VALUES(5,'contenttypes','contenttype');
INSERT INTO django_content_type VALUES(6,'sessions','session');
INSERT INTO django_content_type VALUES(7,'dashboard','metricadiaria');
INSERT INTO django_content_type VALUES(8,'ordens','categoria');
INSERT INTO django_content_type VALUES(9,'ordens','ordemservico');
INSERT INTO django_content_type VALUES(10,'ordens','comentario');
INSERT INTO django_content_type VALUES(11,'ordens','anexo');
INSERT INTO django_content_type VALUES(12,'ordens','produtoutilizado');
INSERT INTO django_content_type VALUES(13,'clientes','cliente');
INSERT INTO django_content_type VALUES(14,'clientes','contratocliente');
INSERT INTO django_content_type VALUES(15,'clientes','empresa');
INSERT INTO django_content_type VALUES(16,'clientes','contratoempresa');
INSERT INTO django_content_type VALUES(17,'tecnicos','tecnico');
INSERT INTO django_content_type VALUES(18,'tecnicos','localizacaoatendimento');
INSERT INTO django_content_type VALUES(19,'tecnicos','registroponto');
INSERT INTO django_content_type VALUES(20,'produtos','categoria');
INSERT INTO django_content_type VALUES(21,'produtos','produto');
INSERT INTO django_content_type VALUES(22,'produtos','movimentacaoestoque');
INSERT INTO django_content_type VALUES(23,'produtos','unidademedida');
INSERT INTO django_content_type VALUES(24,'equipamentos','categoriaequipamento');
INSERT INTO django_content_type VALUES(25,'equipamentos','equipamento');
INSERT INTO django_content_type VALUES(26,'equipamentos','manutencaoequipamento');
INSERT INTO django_content_type VALUES(27,'usuarios','grupopermissao');
INSERT INTO django_content_type VALUES(28,'usuarios','menu');
INSERT INTO django_content_type VALUES(29,'usuarios','permissao');
INSERT INTO django_content_type VALUES(30,'usuarios','perfil');
INSERT INTO django_content_type VALUES(31,'usuarios','permissaomenu');
CREATE TABLE IF NOT EXISTS "auth_permission" ("id" integer NOT NULL PRIMARY KEY AUTOINCREMENT, "content_type_id" integer NOT NULL REFERENCES "django_content_type" ("id") DEFERRABLE INITIALLY DEFERRED, "codename" varchar(100) NOT NULL, "name" varchar(255) NOT NULL);
INSERT INTO auth_permission VALUES(1,1,'add_logentry','Can add log entry');
INSERT INTO auth_permission VALUES(2,1,'change_logentry','Can change log entry');
INSERT INTO auth_permission VALUES(3,1,'delete_logentry','Can delete log entry');
INSERT INTO auth_permission VALUES(4,1,'view_logentry','Can view log entry');
INSERT INTO auth_permission VALUES(5,2,'add_permission','Can add permission');
INSERT INTO auth_permission VALUES(6,2,'change_permission','Can change permission');
INSERT INTO auth_permission VALUES(7,2,'delete_permission','Can delete permission');
INSERT INTO auth_permission VALUES(8,2,'view_permission','Can view permission');
INSERT INTO auth_permission VALUES(9,3,'add_group','Can add group');
INSERT INTO auth_permission VALUES(10,3,'change_group','Can change group');
INSERT INTO auth_permission VALUES(11,3,'delete_group','Can delete group');
INSERT INTO auth_permission VALUES(12,3,'view_group','Can view group');
INSERT INTO auth_permission VALUES(13,4,'add_user','Can add user');
INSERT INTO auth_permission VALUES(14,4,'change_user','Can change user');
INSERT INTO auth_permission VALUES(15,4,'delete_user','Can delete user');
INSERT INTO auth_permission VALUES(16,4,'view_user','Can view user');
INSERT INTO auth_permission VALUES(17,5,'add_contenttype','Can add content type');
INSERT INTO auth_permission VALUES(18,5,'change_contenttype','Can change content type');
INSERT INTO auth_permission VALUES(19,5,'delete_contenttype','Can delete content type');
INSERT INTO auth_permission VALUES(20,5,'view_contenttype','Can view content type');
INSERT INTO auth_permission VALUES(21,6,'add_session','Can add session');
INSERT INTO auth_permission VALUES(22,6,'change_session','Can change session');
INSERT INTO auth_permission VALUES(23,6,'delete_session','Can delete session');
INSERT INTO auth_permission VALUES(24,6,'view_session','Can view session');
INSERT INTO auth_permission VALUES(25,7,'add_metricadiaria','Can add Métrica Diária');
INSERT INTO auth_permission VALUES(26,7,'change_metricadiaria','Can change Métrica Diária');
INSERT INTO auth_permission VALUES(27,7,'delete_metricadiaria','Can delete Métrica Diária');
INSERT INTO auth_permission VALUES(28,7,'view_metricadiaria','Can view Métrica Diária');
INSERT INTO auth_permission VALUES(29,8,'add_categoria','Can add Categoria');
INSERT INTO auth_permission VALUES(30,8,'change_categoria','Can change Categoria');
INSERT INTO auth_permission VALUES(31,8,'delete_categoria','Can delete Categoria');
INSERT INTO auth_permission VALUES(32,8,'view_categoria','Can view Categoria');
INSERT INTO auth_permission VALUES(33,9,'add_ordemservico','Can add Ordem de Serviço');
INSERT INTO auth_permission VALUES(34,9,'change_ordemservico','Can change Ordem de Serviço');
INSERT INTO auth_permission VALUES(35,9,'delete_ordemservico','Can delete Ordem de Serviço');
INSERT INTO auth_permission VALUES(36,9,'view_ordemservico','Can view Ordem de Serviço');
INSERT INTO auth_permission VALUES(37,10,'add_comentario','Can add Comentário');
INSERT INTO auth_permission VALUES(38,10,'change_comentario','Can change Comentário');
INSERT INTO auth_permission VALUES(39,10,'delete_comentario','Can delete Comentário');
INSERT INTO auth_permission VALUES(40,10,'view_comentario','Can view Comentário');
INSERT INTO auth_permission VALUES(41,11,'add_anexo','Can add Anexo');
INSERT INTO auth_permission VALUES(42,11,'change_anexo','Can change Anexo');
INSERT INTO auth_permission VALUES(43,11,'delete_anexo','Can delete Anexo');
INSERT INTO auth_permission VALUES(44,11,'view_anexo','Can view Anexo');
INSERT INTO auth_permission VALUES(45,12,'add_produtoutilizado','Can add Produto Utilizado na OS');
INSERT INTO auth_permission VALUES(46,12,'change_produtoutilizado','Can change Produto Utilizado na OS');
INSERT INTO auth_permission VALUES(47,12,'delete_produtoutilizado','Can delete Produto Utilizado na OS');
INSERT INTO auth_permission VALUES(48,12,'view_produtoutilizado','Can view Produto Utilizado na OS');
INSERT INTO auth_permission VALUES(49,13,'add_cliente','Can add Cliente');
INSERT INTO auth_permission VALUES(50,13,'change_cliente','Can change Cliente');
INSERT INTO auth_permission VALUES(51,13,'delete_cliente','Can delete Cliente');
INSERT INTO auth_permission VALUES(52,13,'view_cliente','Can view Cliente');
INSERT INTO auth_permission VALUES(53,14,'add_contratocliente','Can add Contrato de Cliente');
INSERT INTO auth_permission VALUES(54,14,'change_contratocliente','Can change Contrato de Cliente');
INSERT INTO auth_permission VALUES(55,14,'delete_contratocliente','Can delete Contrato de Cliente');
INSERT INTO auth_permission VALUES(56,14,'view_contratocliente','Can view Contrato de Cliente');
INSERT INTO auth_permission VALUES(57,15,'add_empresa','Can add Empresa');
INSERT INTO auth_permission VALUES(58,15,'change_empresa','Can change Empresa');
INSERT INTO auth_permission VALUES(59,15,'delete_empresa','Can delete Empresa');
INSERT INTO auth_permission VALUES(60,15,'view_empresa','Can view Empresa');
INSERT INTO auth_permission VALUES(61,16,'add_contratoempresa','Can add Contrato');
INSERT INTO auth_permission VALUES(62,16,'change_contratoempresa','Can change Contrato');
INSERT INTO auth_permission VALUES(63,16,'delete_contratoempresa','Can delete Contrato');
INSERT INTO auth_permission VALUES(64,16,'view_contratoempresa','Can view Contrato');
INSERT INTO auth_permission VALUES(65,17,'add_tecnico','Can add Técnico');
INSERT INTO auth_permission VALUES(66,17,'change_tecnico','Can change Técnico');
INSERT INTO auth_permission VALUES(67,17,'delete_tecnico','Can delete Técnico');
INSERT INTO auth_permission VALUES(68,17,'view_tecnico','Can view Técnico');
INSERT INTO auth_permission VALUES(69,18,'add_localizacaoatendimento','Can add Localização de Atendimento');
INSERT INTO auth_permission VALUES(70,18,'change_localizacaoatendimento','Can change Localização de Atendimento');
INSERT INTO auth_permission VALUES(71,18,'delete_localizacaoatendimento','Can delete Localização de Atendimento');
INSERT INTO auth_permission VALUES(72,18,'view_localizacaoatendimento','Can view Localização de Atendimento');
INSERT INTO auth_permission VALUES(73,19,'add_registroponto','Can add Registro de Ponto');
INSERT INTO auth_permission VALUES(74,19,'change_registroponto','Can change Registro de Ponto');
INSERT INTO auth_permission VALUES(75,19,'delete_registroponto','Can delete Registro de Ponto');
INSERT INTO auth_permission VALUES(76,19,'view_registroponto','Can view Registro de Ponto');
INSERT INTO auth_permission VALUES(77,20,'add_categoria','Can add Categoria');
INSERT INTO auth_permission VALUES(78,20,'change_categoria','Can change Categoria');
INSERT INTO auth_permission VALUES(79,20,'delete_categoria','Can delete Categoria');
INSERT INTO auth_permission VALUES(80,20,'view_categoria','Can view Categoria');
INSERT INTO auth_permission VALUES(81,21,'add_produto','Can add Produto');
INSERT INTO auth_permission VALUES(82,21,'change_produto','Can change Produto');
INSERT INTO auth_permission VALUES(83,21,'delete_produto','Can delete Produto');
INSERT INTO auth_permission VALUES(84,21,'view_produto','Can view Produto');
INSERT INTO auth_permission VALUES(85,22,'add_movimentacaoestoque','Can add Movimentação de Estoque');
INSERT INTO auth_permission VALUES(86,22,'change_movimentacaoestoque','Can change Movimentação de Estoque');
INSERT INTO auth_permission VALUES(87,22,'delete_movimentacaoestoque','Can delete Movimentação de Estoque');
INSERT INTO auth_permission VALUES(88,22,'view_movimentacaoestoque','Can view Movimentação de Estoque');
INSERT INTO auth_permission VALUES(89,23,'add_unidademedida','Can add Unidade de Medida');
INSERT INTO auth_permission VALUES(90,23,'change_unidademedida','Can change Unidade de Medida');
INSERT INTO auth_permission VALUES(91,23,'delete_unidademedida','Can delete Unidade de Medida');
INSERT INTO auth_permission VALUES(92,23,'view_unidademedida','Can view Unidade de Medida');
INSERT INTO auth_permission VALUES(93,24,'add_categoriaequipamento','Can add Categoria de Equipamento');
INSERT INTO auth_permission VALUES(94,24,'change_categoriaequipamento','Can change Categoria de Equipamento');
INSERT INTO auth_permission VALUES(95,24,'delete_categoriaequipamento','Can delete Categoria de Equipamento');
INSERT INTO auth_permission VALUES(96,24,'view_categoriaequipamento','Can view Categoria de Equipamento');
INSERT INTO auth_permission VALUES(97,25,'add_equipamento','Can add Equipamento');
INSERT INTO auth_permission VALUES(98,25,'change_equipamento','Can change Equipamento');
INSERT INTO auth_permission VALUES(99,25,'delete_equipamento','Can delete Equipamento');
INSERT INTO auth_permission VALUES(100,25,'view_equipamento','Can view Equipamento');
INSERT INTO auth_permission VALUES(101,26,'add_manutencaoequipamento','Can add Manutenção de Equipamento');
INSERT INTO auth_permission VALUES(102,26,'change_manutencaoequipamento','Can change Manutenção de Equipamento');
INSERT INTO auth_permission VALUES(103,26,'delete_manutencaoequipamento','Can delete Manutenção de Equipamento');
INSERT INTO auth_permission VALUES(104,26,'view_manutencaoequipamento','Can view Manutenção de Equipamento');
INSERT INTO auth_permission VALUES(105,27,'add_grupopermissao','Can add Grupo de Permissão');
INSERT INTO auth_permission VALUES(106,27,'change_grupopermissao','Can change Grupo de Permissão');
INSERT INTO auth_permission VALUES(107,27,'delete_grupopermissao','Can delete Grupo de Permissão');
INSERT INTO auth_permission VALUES(108,27,'view_grupopermissao','Can view Grupo de Permissão');
INSERT INTO auth_permission VALUES(109,28,'add_menu','Can add menu');
INSERT INTO auth_permission VALUES(110,28,'change_menu','Can change menu');
INSERT INTO auth_permission VALUES(111,28,'delete_menu','Can delete menu');
INSERT INTO auth_permission VALUES(112,28,'view_menu','Can view menu');
INSERT INTO auth_permission VALUES(113,29,'add_permissao','Can add permissao');
INSERT INTO auth_permission VALUES(114,29,'change_permissao','Can change permissao');
INSERT INTO auth_permission VALUES(115,29,'delete_permissao','Can delete permissao');
INSERT INTO auth_permission VALUES(116,29,'view_permissao','Can view permissao');
INSERT INTO auth_permission VALUES(117,30,'add_perfil','Can add Perfil');
INSERT INTO auth_permission VALUES(118,30,'change_perfil','Can change Perfil');
INSERT INTO auth_permission VALUES(119,30,'delete_perfil','Can delete Perfil');
INSERT INTO auth_permission VALUES(120,30,'view_perfil','Can view Perfil');
INSERT INTO auth_permission VALUES(121,31,'add_permissaomenu','Can add Permissão de Menu');
INSERT INTO auth_permission VALUES(122,31,'change_permissaomenu','Can change Permissão de Menu');
INSERT INTO auth_permission VALUES(123,31,'delete_permissaomenu','Can delete Permissão de Menu');
INSERT INTO auth_permission VALUES(124,31,'view_permissaomenu','Can view Permissão de Menu');
CREATE TABLE IF NOT EXISTS "auth_group" ("id" integer NOT NULL PRIMARY KEY AUTOINCREMENT, "name" varchar(150) NOT NULL UNIQUE);
CREATE TABLE IF NOT EXISTS "auth_user" ("id" integer NOT NULL PRIMARY KEY AUTOINCREMENT, "password" varchar(128) NOT NULL, "last_login" datetime NULL, "is_superuser" bool NOT NULL, "username" varchar(150) NOT NULL UNIQUE, "last_name" varchar(150) NOT NULL, "email" varchar(254) NOT NULL, "is_staff" bool NOT NULL, "is_active" bool NOT NULL, "date_joined" datetime NOT NULL, "first_name" varchar(150) NOT NULL);
INSERT INTO auth_user VALUES(1,'pbkdf2_sha256$1000000$Tkz48yaHXNUz1rGnvXwPzy$TN0+HfvMt+Ln3doFoBdZKmfOfixkAhLDJ9NUv2Vm7KY=','2025-04-25 18:15:48.017666',1,'admin','','admin@admin.com',1,1,'2025-04-23 19:38:45.282523','');
INSERT INTO auth_user VALUES(3,'pbkdf2_sha256$1000000$6TczaY3tPYpzXeAMx5Qt4N$qAlNeVO5DEG/xLVQH30PBuCQjv80qq4oEiVoNM9bY0o=','2025-04-23 20:28:28.366447',0,'igor.queiroz','igor','igor@hotmail.com',0,1,'2025-04-23 20:21:23.837732','igor');
INSERT INTO auth_user VALUES(5,'pbkdf2_sha256$1000000$H4AIoD1gMt402DXkgbxOJ5$dpXhx8aawLiFKoabJ9rEnMSX/aghH8NGrMAFmhxOBHU=','2025-04-25 10:56:07.403832',0,'eduardo','felix','eduardo@gmail.com',0,1,'2025-04-24 21:04:03.752074','eduardo');
INSERT INTO auth_user VALUES(6,'pbkdf2_sha256$1000000$8bKvqcB65715p63OThvL6O$2Sfb/kAvpirxH8t4ZZohHIwmmbI1bd5jvAqWqFYaAIk=',NULL,0,'mauricio.moraes','ALENCAR','mauriciom.alencar@gmail.com',0,1,'2025-04-25 12:36:07.271479','MAURICIO');
CREATE TABLE IF NOT EXISTS "clientes_contratocliente" ("id" integer NOT NULL PRIMARY KEY AUTOINCREMENT, "arquivo" varchar(100) NOT NULL, "descricao" varchar(200) NOT NULL, "data_upload" datetime NOT NULL, "cliente_id" bigint NOT NULL REFERENCES "clientes_cliente" ("id") DEFERRABLE INITIALLY DEFERRED);
CREATE TABLE IF NOT EXISTS "clientes_empresa" ("id" integer NOT NULL PRIMARY KEY AUTOINCREMENT, "nome" varchar(200) NOT NULL, "cnpj" varchar(18) NOT NULL UNIQUE, "inscricao_estadual" varchar(20) NULL, "email" varchar(254) NULL, "telefone" varchar(20) NULL, "endereco" varchar(200) NULL, "numero" varchar(10) NULL, "complemento" varchar(100) NULL, "bairro" varchar(100) NULL, "cidade" varchar(100) NULL, "estado" varchar(2) NULL, "cep" varchar(9) NULL, "ativo" bool NOT NULL, "logo" varchar(100) NULL, "slug" varchar(250) NULL UNIQUE, "data_criacao" datetime NOT NULL, "inscricao_municipal" varchar(20) NULL, "nome_fantasia" varchar(200) NULL, "site" varchar(200) NULL, "ultima_atualizacao" datetime NOT NULL);
CREATE TABLE IF NOT EXISTS "clientes_contratoempresa" ("id" integer NOT NULL PRIMARY KEY AUTOINCREMENT, "descricao" varchar(200) NOT NULL, "data_inicio" date NOT NULL, "data_fim" date NULL, "valor_mensal" decimal NOT NULL, "observacoes" text NULL, "ativo" bool NOT NULL, "data_criacao" datetime NOT NULL, "ultima_atualizacao" datetime NOT NULL, "empresa_id" bigint NOT NULL REFERENCES "clientes_empresa" ("id") DEFERRABLE INITIALLY DEFERRED);
CREATE TABLE IF NOT EXISTS "dashboard_metricadiaria" ("id" integer NOT NULL PRIMARY KEY AUTOINCREMENT, "data" date NOT NULL UNIQUE, "total_ordens" integer NOT NULL, "ordens_abertas" integer NOT NULL, "ordens_andamento" integer NOT NULL, "ordens_aguardando" integer NOT NULL, "ordens_concluidas" integer NOT NULL, "ordens_canceladas" integer NOT NULL, "satisfacao_media" decimal NOT NULL, "tempo_medio_atendimento" bigint NOT NULL, "faturamento_dia" decimal NOT NULL);
INSERT INTO dashboard_metricadiaria VALUES(1,'2025-04-23',0,0,0,0,0,0,0,0,0);
INSERT INTO dashboard_metricadiaria VALUES(2,'2025-04-24',2,2,0,0,0,0,0,0,0);
INSERT INTO dashboard_metricadiaria VALUES(3,'2025-04-25',7,5,0,0,1,0,5,0,0);
INSERT INTO dashboard_metricadiaria VALUES(4,'2025-04-28',7,5,0,0,0,0,0,0,0);
INSERT INTO dashboard_metricadiaria VALUES(5,'2025-04-29',7,5,0,0,0,0,0,0,0);
CREATE TABLE IF NOT EXISTS "tecnicos_tecnico" ("id" integer NOT NULL PRIMARY KEY AUTOINCREMENT, "codigo" varchar(20) NOT NULL UNIQUE, "nome_completo" varchar(200) NOT NULL, "cpf" varchar(14) NOT NULL UNIQUE, "rg" varchar(20) NULL, "data_nascimento" date NOT NULL, "telefone" varchar(20) NULL, "celular" varchar(20) NOT NULL, "email" varchar(254) NOT NULL, "endereco" varchar(200) NOT NULL, "numero" varchar(10) NOT NULL, "complemento" varchar(100) NULL, "bairro" varchar(100) NOT NULL, "cidade" varchar(100) NOT NULL, "estado" varchar(2) NOT NULL, "cep" varchar(10) NOT NULL, "latitude" real NULL, "longitude" real NULL, "ultima_atualizacao_local" datetime NULL, "nivel" varchar(20) NOT NULL, "especialidade" varchar(100) NULL, "status" varchar(20) NOT NULL, "data_admissao" date NOT NULL, "data_demissao" date NULL, "certificacoes" text NULL, "habilidades" text NULL, "foto" varchar(100) NULL, "observacoes" text NULL, "ativo" bool NOT NULL, "slug" varchar(250) NULL UNIQUE, "usuario_id" integer NOT NULL UNIQUE REFERENCES "auth_user" ("id") DEFERRABLE INITIALLY DEFERRED, data_criacao datetime NULL, data_atualizacao datetime NULL);
INSERT INTO tecnicos_tecnico VALUES(3,'TEC0005','eduardo felix','000.000.000-00','','2002-01-24','','(11) 99700-0675','eduardo@gmail.com','Endereço não informado','S/N','','Bairro não informado','Cidade não informada','SP','00000-000',NULL,NULL,NULL,'junior','','disponivel','2025-04-24',NULL,'','','tecnicos/edu.jpg','',1,'eduardo-felix-b0cb7c3e',5,'2025-04-24 21:04:04.488639','2025-04-25 12:36:26.652729');
INSERT INTO tecnicos_tecnico VALUES(4,'TEC2025040001','MAURICIO ALENCAR','229.418.429-78','','1987-04-09','11983874568','(11) 97389-7387','mauriciom.alencar@gmail.com','Avenida Riviera','153','','Flamingo','Embu-Guaçu','SP','06910-690',NULL,NULL,NULL,'especialista','','disponivel','2025-04-25',NULL,'','','tecnicos/WIN_20250224_09_04_46_Pro_9DHw6Yj.jpg','',1,'mauricio-alencar-445568a2',6,'2025-04-25 12:36:08.451944','2025-04-25 12:36:08.451976');
CREATE TABLE IF NOT EXISTS "ordens_anexo" ("id" integer NOT NULL PRIMARY KEY AUTOINCREMENT, "titulo" varchar(100) NOT NULL, "arquivo" varchar(100) NOT NULL, "data_upload" datetime NOT NULL, "ordem_id" bigint NOT NULL REFERENCES "ordens_ordemservico" ("id") DEFERRABLE INITIALLY DEFERRED);
CREATE TABLE IF NOT EXISTS "ordens_comentario" ("id" integer NOT NULL PRIMARY KEY AUTOINCREMENT, "autor" varchar(100) NOT NULL, "texto" text NOT NULL, "data_criacao" datetime NOT NULL, "interno" bool NOT NULL, "ordem_id" bigint NOT NULL REFERENCES "ordens_ordemservico" ("id") DEFERRABLE INITIALLY DEFERRED, "data_resolucao" datetime NULL, "reportando_problema" bool NOT NULL, "resolvido" bool NOT NULL, "tipo_autor" varchar(20) NOT NULL, "tipo_problema" varchar(20) NOT NULL);
INSERT INTO ordens_comentario VALUES(3,'admin','teste','2025-04-25 14:05:24.412349',0,6,NULL,0,0,'operador','sem_problema');
INSERT INTO ordens_comentario VALUES(4,'admin','ok','2025-04-25 14:05:30.970153',0,6,NULL,0,0,'operador','sem_problema');
INSERT INTO ordens_comentario VALUES(5,' ','Ordem de serviço encerrada com sucesso. Avaliação do cliente: 5/5 estrelas.','2025-04-25 14:23:35.949830',1,7,NULL,0,0,'operador','sem_problema');
INSERT INTO ordens_comentario VALUES(6,'admin','sadasd','2025-04-25 15:12:05.600048',0,9,NULL,0,0,'operador','sem_problema');
INSERT INTO ordens_comentario VALUES(7,' ','Ordem de serviço encerrada com sucesso. Avaliação do cliente: 5/5 estrelas.','2025-04-29 15:05:12.673811',1,10,NULL,0,0,'operador','sem_problema');
CREATE TABLE IF NOT EXISTS "produtos_categoria" ("id" integer NOT NULL PRIMARY KEY AUTOINCREMENT, "nome" varchar(100) NOT NULL, "descricao" text NULL, "slug" varchar(120) NOT NULL UNIQUE);
INSERT INTO produtos_categoria VALUES(1,'HARDWARE','','hardware');
CREATE TABLE IF NOT EXISTS "produtos_movimentacaoestoque" ("id" integer NOT NULL PRIMARY KEY AUTOINCREMENT, "tipo" varchar(20) NOT NULL, "quantidade" integer unsigned NOT NULL CHECK ("quantidade" >= 0), "data" datetime NOT NULL, "observacao" text NULL, "ordem_servico_id" bigint NULL REFERENCES "ordens_ordemservico" ("id") DEFERRABLE INITIALLY DEFERRED, "usuario_id" integer NOT NULL REFERENCES "auth_user" ("id") DEFERRABLE INITIALLY DEFERRED, "produto_id" bigint NOT NULL REFERENCES "produtos_produto" ("id") DEFERRABLE INITIALLY DEFERRED);
INSERT INTO produtos_movimentacaoestoque VALUES(1,'entrada',3,'2025-04-24 15:40:53.620703','Estoque inicial',NULL,1,1);
INSERT INTO produtos_movimentacaoestoque VALUES(2,'saida',1,'2025-04-24 15:49:43.463517','Utilizado na OS #OS2025040001',NULL,1,1);
INSERT INTO produtos_movimentacaoestoque VALUES(3,'saida',1,'2025-04-24 20:04:51.895383','Utilizado na OS #OS2025040002',NULL,1,1);
INSERT INTO produtos_movimentacaoestoque VALUES(4,'saida',1,'2025-04-25 12:33:53.097855','Utilizado na OS #OS2025040002',3,1,1);
INSERT INTO produtos_movimentacaoestoque VALUES(5,'entrada',5,'2025-04-25 12:39:20.998120','',NULL,1,1);
INSERT INTO produtos_movimentacaoestoque VALUES(6,'saida',1,'2025-04-25 12:59:04.033996','Utilizado na OS #OS2025040003',4,1,1);
INSERT INTO produtos_movimentacaoestoque VALUES(7,'entrada',10,'2025-04-25 15:24:27.416099','Estoque inicial',NULL,1,2);
CREATE TABLE IF NOT EXISTS "produtos_unidademedida" ("id" integer NOT NULL PRIMARY KEY AUTOINCREMENT, "sigla" varchar(5) NOT NULL UNIQUE, "nome" varchar(50) NOT NULL);
INSERT INTO produtos_unidademedida VALUES(1,'UND','UNIDADE');
CREATE TABLE IF NOT EXISTS "produtos_produto" ("id" integer NOT NULL PRIMARY KEY AUTOINCREMENT, "codigo" varchar(30) NOT NULL UNIQUE, "nome" varchar(200) NOT NULL, "descricao" text NULL, "preco_custo" decimal NOT NULL, "preco_venda" decimal NOT NULL, "estoque_atual" integer unsigned NOT NULL CHECK ("estoque_atual" >= 0), "estoque_minimo" integer unsigned NOT NULL CHECK ("estoque_minimo" >= 0), "imagem" varchar(100) NULL, "observacoes" text NULL, "ativo" bool NOT NULL, "data_cadastro" datetime NOT NULL, "ultima_atualizacao" datetime NOT NULL, "slug" varchar(250) NOT NULL UNIQUE, "categoria_id" bigint NULL REFERENCES "produtos_categoria" ("id") DEFERRABLE INITIALLY DEFERRED, "unidade_id" bigint NOT NULL REFERENCES "produtos_unidademedida" ("id") DEFERRABLE INITIALLY DEFERRED);
INSERT INTO produtos_produto VALUES(1,'001','FONTE EXTERNA','',50,80,4,1,'produtos/FONTE_wOS6jR0.jpg','fonte externa',1,'2025-04-24 15:40:53.616603','2025-04-25 12:59:04.030152','001-fonte-externa',1,1);
INSERT INTO produtos_produto VALUES(2,'06460010','teste','teste',0.100000000000000005,0.100000000000000005,10,1,'','testeteste',1,'2025-04-25 15:24:27.413491','2025-04-25 15:24:27.413508','06460010-teste',1,1);
CREATE TABLE IF NOT EXISTS "ordens_produtoutilizado" ("id" integer NOT NULL PRIMARY KEY AUTOINCREMENT, "quantidade" decimal NOT NULL, "preco_unitario" decimal NULL, "ordem_servico_id" bigint NOT NULL REFERENCES "ordens_ordemservico" ("id") DEFERRABLE INITIALLY DEFERRED, "produto_id" bigint NOT NULL REFERENCES "produtos_produto" ("id") DEFERRABLE INITIALLY DEFERRED);
INSERT INTO ordens_produtoutilizado VALUES(3,1,80,3,1);
INSERT INTO ordens_produtoutilizado VALUES(4,1,80,4,1);
CREATE TABLE IF NOT EXISTS "ordens_ordemservico" ("id" integer NOT NULL PRIMARY KEY AUTOINCREMENT, "numero" varchar(20) NOT NULL UNIQUE, "descricao" text NOT NULL, "solucao" text NULL, "data_abertura" datetime NOT NULL, "data_agendamento" datetime NULL, "data_inicio" datetime NULL, "data_conclusao" datetime NULL, "status" varchar(20) NOT NULL, "prioridade" varchar(10) NOT NULL, "endereco" varchar(200) NULL, "numero_endereco" varchar(10) NULL, "complemento" varchar(100) NULL, "bairro" varchar(100) NULL, "cidade" varchar(100) NULL, "estado" varchar(2) NULL, "cep" varchar(10) NULL, "valor_servico" decimal NOT NULL, "valor_pecas" decimal NOT NULL, "valor_deslocamento" decimal NOT NULL, "desconto" decimal NOT NULL, "valor_total" decimal NOT NULL, "slug" varchar(100) NULL UNIQUE, "categoria_id" bigint NULL REFERENCES "ordens_categoria" ("id") DEFERRABLE INITIALLY DEFERRED, "cliente_id" bigint NOT NULL REFERENCES "clientes_cliente" ("id") DEFERRABLE INITIALLY DEFERRED, "tecnico_id" bigint NULL REFERENCES "tecnicos_tecnico" ("id") DEFERRABLE INITIALLY DEFERRED, "ativa" bool NOT NULL, "atualizado_por" varchar(100) NULL, "avaliacao_cliente" smallint unsigned NULL CHECK ("avaliacao_cliente" >= 0), "comentario_cliente" text NULL, "criado_por" varchar(100) NULL, "latitude_fim" real NULL, "latitude_inicio" real NULL, "link_pagamento" varchar(200) NULL, "longitude_fim" real NULL, "longitude_inicio" real NULL, "observacoes_internas" text NULL, "precisao_fim" real NULL, "precisao_inicio" real NULL, "preferencia_contato" varchar(50) NULL, "id_tecnico" integer NULL, "nome_tecnico" varchar(200) NULL, "equipamento_id" bigint NULL REFERENCES "equipamentos_equipamento" ("id") DEFERRABLE INITIALLY DEFERRED, "assinatura_cliente" text NULL);
INSERT INTO ordens_ordemservico VALUES(3,'OS2025040002','teste','','2025-04-24 21:08:01.846464',NULL,NULL,NULL,'aberta','media','Avenida Riviera','153',NULL,'Flamingo','Embu-Guaçu','SP','06910-690',0,80,0,0,80,'os-os2025040002',1,4,3,0,NULL,NULL,NULL,NULL,NULL,NULL,NULL,NULL,NULL,'',NULL,NULL,NULL,3,'eduardo felix',NULL,NULL);
INSERT INTO ordens_ordemservico VALUES(4,'OS2025040003','Substituição de peças','','2025-04-25 12:47:43.086490','2025-04-26 16:48:00',NULL,NULL,'aberta','media','Avenida Riviera','153',NULL,'Flamingo','Embu-Guaçu','SP','06910-690',0,80,0,0,80,'os-os2025040003',1,4,4,0,NULL,NULL,NULL,NULL,NULL,NULL,NULL,NULL,NULL,'',NULL,NULL,NULL,4,'MAURICIO ALENCAR',2,NULL);
INSERT INTO ordens_ordemservico VALUES(5,'OS2025040004','Troca de fonte',NULL,'2025-04-25 12:59:33.705317',NULL,NULL,NULL,'aberta','media','Avenida Riviera','153','','Flamingo','Embu-Guaçu','SP','06910-690',0,0,0,0,0,'os-os2025040004',1,4,4,1,NULL,NULL,NULL,NULL,NULL,NULL,NULL,NULL,NULL,'',NULL,NULL,NULL,4,'MAURICIO ALENCAR',2,NULL);
INSERT INTO ordens_ordemservico VALUES(6,'OS2025040005','Fonte ATX','','2025-04-25 13:55:58.466298',NULL,NULL,NULL,'concluida','media','Avenida Riviera','153',NULL,'Flamingo','Embu-Guaçu','SP','06910-690',0,0,0,0,0,'os-os2025040005',1,4,4,0,NULL,NULL,NULL,NULL,NULL,NULL,NULL,NULL,NULL,'',NULL,NULL,NULL,4,'MAURICIO ALENCAR',2,NULL);
INSERT INTO ordens_ordemservico VALUES(7,'OS2025040006','Problema local','Foi realizado o reparo','2025-04-25 14:09:06.907554',NULL,NULL,'2025-04-25 14:23:35.944702','concluida','media','Avenida Riviera','153','','Flamingo','Embu-Guaçu','SP','06910-690',0,0,0,0,0,'os-os2025040006',1,4,3,1,NULL,5,'Ótimo',NULL,NULL,NULL,NULL,NULL,NULL,'',NULL,NULL,NULL,3,'eduardo felix',NULL,'data:,');
INSERT INTO ordens_ordemservico VALUES(8,'OS2025040007','asdasd',NULL,'2025-04-25 15:06:40.227687',NULL,NULL,NULL,'aberta','media','','','','','','','',0,0,0,0,0,'os-os2025040007',1,1,3,1,NULL,NULL,NULL,NULL,NULL,NULL,NULL,NULL,NULL,'',NULL,NULL,NULL,3,'eduardo felix',1,NULL);
INSERT INTO ordens_ordemservico VALUES(9,'OS2025040008','asdasd','','2025-04-25 15:10:06.662345',NULL,NULL,NULL,'aberta','baixa',NULL,NULL,NULL,NULL,NULL,NULL,NULL,0,0,0,0,0,'os-os2025040008',1,1,4,0,NULL,NULL,NULL,NULL,NULL,NULL,NULL,NULL,NULL,'',NULL,NULL,NULL,4,'MAURICIO ALENCAR',1,NULL);
INSERT INTO ordens_ordemservico VALUES(10,'OS2025040009','asdasd','asdasd','2025-04-29 15:04:49.757367',NULL,NULL,'2025-04-29 15:05:12.662359','concluida','urgente','Avenida Riviera','153','','Flamingo','Embu-Guaçu','SP','06910-690',0,0,0,0,0,'os-os2025040009',1,1,3,1,NULL,5,'',NULL,NULL,NULL,NULL,NULL,NULL,'',NULL,NULL,NULL,3,'eduardo felix',1,'data:image/png;base64,iVBORw0KGgoAAAANSUhEUgAAAtoAAAD6CAYAAACf3eAsAAAAAXNSR0IArs4c6QAAIABJREFUeF7t3UHIPsddB/Ap5NBDDi1ESKFQIwHjyVzEHAIxKNSD0EoVBZG2eOixKQj2FoUeFC8J0pOUGlqkhx4a8GAP0hZ76EFoix4KVmIhhx6CpiCYQ6G+v2anHSf7PM/u8+w8u7P7eSD8//m/+8zOfGbe5/k+88zOvit5ECBAgAABAgQIECCwuMC7Fi9RgQQIECBAgAABAgQIJEHbICBAgAABAgQIECDQQEDQboCqSAIECBAgQIAAAQKCtjFAgAABAgQIECBAoIGAoN0AVZEECBAgQIAAAQIEBG1jgAABAgQIECBAgEADAUG7AaoiCRAgQIAAAQIECAjaxgABAgQIECBAgACBBgKCdgNURRIgQIAAAQIECBAQtI0BAgQIECBAgAABAg0EBO0GqIokQIAAAQIECBAgIGgbAwQIECBAgAABAgQaCAjaDVAVSYAAAQIECBAgQEDQNgYIECBAgAABAgQINBAQtBugKpIAAQIECBAgQICAoG0MECBAgAABAgQIEGggIGg3QFUkAQIECBAgQIAAAUHbGCBAgAABAgQIECDQQEDQboCqSAIECBAgQIAAAQKCtjFAgAABAgQIECBAoIGAoN0AVZEECBAgQIAAAQIEBG1jgAABAgQIECBAgEADAUG7AaoiCRAgQIAAAQIECAjaxgABAgQIECBAgACBBgKCdgNURRIgQIAAAQIECBAQtI0BAgQIECBAgAABAg0EBO0GqIokQIAAAQIECBAgIGgbAwQIECBAgAABAgQaCAjaDVAVSYAAAQIECBAgQEDQNgYIECBAgAABAgQINBAQtBugKpIAAQIECBAgQICAoG0MECBAgAABAgQIEGggIGg3QFUkAQIECBAgQIAAAUHbGCBAgAABAgQIECDQQEDQboCqSAIECBAgQIAAAQKCtjFAgAABAgQIECBAoIGAoN0AVZEECBAgQIAAAQIEBG1jgAABAgQIECBAgEADAUG7AaoiCRAgQIAAAQIECAjaxgABAgQIECBAgACBBgKCdgNURRIgQIAAAQIECBAQtI0BAgQIECBAgAABAg0EBO0GqIokQIAAAQIECBAgIGgbAwQIECBAgAABAgQaCAjaDVAVSYAAAQIECBAgQEDQNgYIECBAgAABAgQINBAQtBugKpIAAQIECBAgQICAoG0MECBAgAABAgQIEGggIGg3QFUkAQIECBAgQIAAAUHbGCBAgAABAgQIECDQQEDQboCqSAIECBAgQIAAAQKCtjFAgAABAgQIECBAoIGAoN0AVZEECBAgQIAAAQIEBG1jgAABAgQIECBAgEADAUG7AaoiCRAgQIAAAQIECAjaxgABAgQIECBAgACBBgKCdgNURRIgQIAAAQIECBAQtI0BAgQIECBAgAABAg0EBO0GqIokQIAAAQIECBAgIGgbAwQIECBAgAABAgQaCAjaDVAVSYAAAQIECBAgQEDQNgYIECBAgAABAgQINBAQtBugKpIAAQIECBAgQICAoG0MECBAgAABAgQIEGggIGg3QFUkAQIECBAgQIAAAUHbGCBAgAABAgQIECDQQEDQboCqSAIECBAgQIAAAQKCtjFAgAABAgQIECBAoIGAoN0AVZEECBAgQIAAAQIEBG1jgAABAgQIECBAgEADAUG7AaoiCRAgQIAAAQIECAjaxgABAgQIECBAgACBBgKCdgNURRIgQIAAAQIECBAQtI0BAgQIECBAgAABAg0EBO0GqIokQIAAAQIECBAgIGgbAwQIECBAgAABAgQaCAjaDVAVSYAAAQIECBAgQEDQNgYIECBAgAABAgQINBAQtBugKpIAAQIECBAgQICAoG0MECBAgAABAgQIEGggIGg3QFUkAQIECBAgQIAAAUHbGCBAgAABAgQIECDQQEDQboCqSAIECBAgQIAAAQKCtjFAgAABAgQIECBAoIGAoN0AVZEECBAgQIAAAQIEBG1jgAABAgQIECBAgEADAUG7AaoiCRAgQIAAAQIECAjaxgABAgQIECBAgACBBgKCdgNURRIgQIAAAQIECBAQtI0BAgQIECBAgAABAg0EBO0GqIokQIAAAQIECBAgIGgbAwQIECBAgAABAgQaCAjaDVAVSYAAAQIECBAgQEDQNgYIECBAgAABAgQINBAQtBugKpIAAQIECBAgQICAoG0MECBAgAABAgQIEGggIGg3QFUkAQIECBAgQIAAAUHbGCBAgAABAgQIECDQQEDQboCqSAIECBAgQIAAAQKCtjFAgAABAgQIECBAoIGAoN0AVZEECBAgQIAAAQIEBG1jgAABAgQIECBAgEADAUG7AaoiCRAgQIAAAQIECAjaxgABAgQIECBAgACBBgKCdgNURRIgQIAAAQIECBAQtI0BAgQIECBAgAABAg0EBO0GqIokQIAAAQIECBAgIGgbAwQIECBAgAABAgQaCAjaDVAVSYAAAQIECBAgQEDQNgYIECBAgAABAgQINBAQtBugKpIAAQIECBAgQICAoG0MECBAgAABAgQIEGggIGg3QFUkAQIECBAgQIAAAUHbGCBAgAABAgQIECDQQEDQboCqSAIECBAgQIAAAQKCtjFAgAABAgQIECBAoIGAoN0AVZEECBAgQIAAAQIEBG1jgAABAgQIECBAgEADAUG7AaoiCRAgQIAAAQIECAjaxkDPAi8MlX+p50aoOwECBAgQILBPAUF7n/16hFZ9PaX03NDQ/0wpPZ9Sij89CBAgQIAAAQKbEBC0N9ENKnGFwL+nlJ6snvfxlNLfXVGWpxAgQIAAAQIEFhcQtBcnVeCdBJ59mNH+Wkrpkep8MdMdgdvs9p06wmkIECBAgACBcQFB28joXeDzD6H6YyON+NxDCP+MwN1796o/AQIECBDoV0DQ7rfv1PznAn+eUnpxBOTNlNJ7QREgQIAAAQIE1hAQtNdQd84WAhG2P5FSerwqPNZsx1ISDwIECBAgQIDAXQUE7btyO1ljgdjm75Mj5/iLh3+LIO5BgAABAgQIELibgKB9N2onupNAzGB/VNi+k7bTECBAgAABAicFBG2DY28Cv5hSigskf2OkYbETyRN7a7D2ECBAgAABAtsUELS32S9qdZtAhO3Y+i/+rB8/TCm977biPZsAAQIECBAgcFlA0L5s5Ig+BSJkx7Z/p3YjefmhWdZt99m3ak2AAAECBLoQELS76CaVvEHg1NZ/UWQsJXlluJukG9zcgOypBAgQIECAwDsFBG2j4ggCMbv92pmG5sBthvsIo0EbCRAgQIDAnQQE7TtBO83qAnHL9r9NKT11IXA/726Sq/eVChAgQIAAgV0ICNq76EaNmCEQs9uxbnvstu1RjNntGZgOJUCAAAECBE4LCNpGx1EFzl0smQN33Ogm9uX2IECAAAECBAjMFhC0Z5N5ws4Ezu27nQN33ML96ztrt+YQIECAAAECjQUE7cbAiu9GIG8FOLb3djTijZTSqymlz1jD3U2fqigBAgQIEFhVQNBeld/JNyaQl5PELdxPBe6Y2Y4lJWa4N9Z5qkOAAAECVwvk97x8V+X8/x8YSvzBw5925rqCV9C+As1Tdi8QLzDxYhOBe+xW7gGQ12/bf3v3w0EDCRAgsAuBHJ7ze1w06rkz73Nlo+O97oldKNy5EYL2ncGdrjuBeEH6QkrpmYdlI49UtY8XHuu3u+tSFSZAgMBuBXKIzqE6gnQ88qTRj0feyzJGnjiKb2xjBrv89/g3E0tXDBtB+wo0TzmkwLltAWNnkpjh9iJ0yKGh0QQIEFhFIN6XcrCeOjP9Zkrpeymlrw41jvctIbph9wnaDXEVvUuBcxdNxuy27QB32e0aRYAAgU0I5GuJTgXrCM7x3zeG2kaIdk3Ril0naK+I79TdCpyb3Y4XtAjcZre77V4VJ0CAwGYEpgTrV4YwLVBvptt+XhFBe4OdokrdCMSat8+f2KFkj7Pb5YU05d9zh+Wr08sOjOPiQ0e5i0v5//kDSf3zsTLi33J59SCJf4819N8f1hbmWZ18fP7/bgaXihIgcEiBeM2K3T1+ebg2qEbIdy82U93J8BC0O+ko1dy0QITtCN31loA9zG7X4bnc0qne7mnTnTCxcjnYl8E7X/Qz9jPfTEyEdRiBAwic+qB/a9PPzVrnNdS217tVeaXnC9orwTvt7gS2OrudL5bJfwZ8rO0r/39KZ5QhNI6P/6+vSi/LORVQ69ntKeeeekxcTf96cXV9tDHPspcOU8vLx5VtKR2i/ad+JqDPVXY8gW0K5BCc76+w1LeV58L1t4Y11p/eJolazREQtOdoOZbAZYH4ym/shjdLz26XQbn8+2+mlCJwTg3S9SxuDo/lNk+XW93XEXlWKj4c5eBfekU4r5fG1N9WzGlxHcbrEF7OqNc/Gwvyc87tWAIE5gnE73r+hvLFkac+f8PFhefCdbxHxAWMbgozr782f7SgvfkuUsEOBU7NbkdoGtt3+9La53of1KkkZYjOV6CXSyZcODNV8u3jyrA91mfl7Hl5/C0h/VQNzwXwsdn0qd8+nAv687QcTWBdgXLpW/k7GL+n5e9DruWpXTy+k1J6ejjo2pCdA3Yd3IXrdcfIXc4uaN+F2UkOKvBSSukjKaX3V+2PF+63UkqPn7nV+zmysVnoOD7+Pcr94Q0zLgftqubNPhXS84nrIFD/ez3D3rzC1QlOBfDy3+u17nlM5j8tp7l3rx3nfOUsdATp2Ib12kd5sWGU8bUbQnbUK8J1WZ9cvpnra3uos+cJ2p11mOpuRmBs7XNecnDqtu3XhuccVMxAb6b7N1OROsCXa+DHZtIvBfqx4L/0jPypde1xbhembmZobboil5Z3lK+Zp77NKcd1/qavfo2NkB2v53FDsjnBOMrOF8lnyCgj7rPgA+emh9bylRO0lzdV4j4E6q8dc4ieuvY5K+QX1XenlB4d/ss/i5nt3/XCu48Bc6BWTJmdL7d6rI+/JbjX3+Zk9vragnKJ1IG6ZrdNza+7EXrHroHJs8QBsNS2dzELHWE5HlOz0tgM9tyQvttOPGrDpg6eo/po974Fyq/j8yz01NvYlkE6XuTrNdBjb/Sn1m4vdRX7vntL6/YoMLbWPdqZr0u4NaSfCubx+3rpItU9evfUpnMXDuZgHX8ufTfeejZ6yrrssTXYAnZPo61hXQXthriK3pRAfiHMb+JTZ6ZzYI4/y1mzW5ZxxCxJvYbQ14qbGi4qs2GBer16GcbLgD53XXsZysubH9UfqqPc/LoQf4/XgvxvG2a7W9WyRf3NRX7Nzcubxo6Lb0KeTCk9W9W2ZbAuTxXLQ/IFi3HOsYvXa8jyOfGzCP7xem6JyN2G3LZPJGhvu3/Ubp5Avdxj6ux0fkGMN8wI0zlE3xKmL9U8gna8oJdvRpaSXFLzcwLXCYzNnOdQHiXmEHjLspYo59z687Lm+RuwujVjzy+PuSa8nQq+ud25/LFgXJ673Pay/PepkxZzei7amV+P56yNnnOO8tj69XjKbHT9nKhvPK/l+8a17fO8FQUE7RXxnfpqgfJNMf4+J1CXyzyWWst3bUPqryjzG3V8VXnNG+q19fA8AgR+LhC/l7FTUL75UXmBabzWxIfxHDrL2dk6uB7NtH7NGvvQkO3qvePrbwTuFVbr1+A4b7z+nntEwP7rlNJjw0FTZ76PNh60dxAQtA2FLQvkQB1rm+fs6FHOhkT7tn6ld9QvLvApH9Ztb3lkqhuB8wL12vJ89KnlLOXFo3VgPzcjXZY75cP5uTBch+D8wT+fo1xaU/+sx/Ewd5lIvUQktlL9q4eG32PGvUdfdRa0jYGNCcQsQbyhTA3U9XKPHK6nvNlsrOk/rc7YhZLWbW+xp9SJAIGeBcrdROL9Ir/OjrUp3pPG9sE+95yebdS9gYAZ7QaoirwokC8EzEs+zq2LrC9GjK/28r9dPFFnB4RD7NtaeriwprNOVF0CBDYpEJMZEZrzDlPn1mGPBWxrsDfZrduvlKC9/T7aSw3HLv4r2/ZGSunfim3y1l4/vaZ7vStJfLCwbnvNHnFuAgR6FahD86ULHevXXwG7157fSL0F7Y10xI6rMbaVXTQ3ZmrzDh97naG+pVtj3V99Ywbrtm8R9VwCBI4kUAfszz1sHfjFM7uClEtKwknAPtJoadhWQbshrqJ/ugwif00XwTq2tMpLP/BcFhj7FsC67ctujiBA4LgC9U4ieQ/uUxctjh0/Zf/s4wpr+SwBQXsWl4NnCJQhe8qdtWYUfahDx9ZtW0pyqCGgsQQITBCoZ7AvBewosp7FvrSsZEI1HELg/wsI2kbE0gL17ICQvYxwvbVUlGopyTK2SiFAoF+BeM/J3/5FK6YE7DiunAyyF3a//b/5mgvam++i7ir4k6HGcbOHP3aXrEX7b2wpiV1JFiVWGAECnQhcG7CvuUlNJySquUUBQXuLvdJ3nb6SUvrQMKvwRN9N2WTtTy0lsaZwk92lUgQILCxwbcCOasQ1QzGTnR++FVy4cxT3TgFB26hYWqCcLYjZ1ngh81heYGxXEhdKLu+sRAIEtiFwS8COFtTrsS1r3Ea/7r4Wgvbuu3iVBsYL4mvDrLaZ1nZdMHY3ydjVJcx7vUNmOy0lEyDQo8CtATvaXN9u3X0JehwJndZZ0O604zqodv3C9sqwd7YAuHznucHN8qZKJEBgXYFrdhEZq3F50WNMRETI9iBwNwFB+27UhzxRfFUXN13Je2lHyI4Xugjd8afHcgJjs9vWHy7nqyQCBNoL5Nnr8mZdU3cRqWtXX/RoKWP7/nOGEQFB27C4h8DYi+dbKaVvDTexOXUjgXvUbU/nGLtQ0rrtPfWwthDYp0BMFES4jsmZ/IiAnV+/5rbaRY9zxRzfTEDQbkar4BMCEQZfSCn9UUrpsepFNc90m+2+bfjUF0pat32bp2cTILC8QL32Os6QZ69j9vnaZYZ1yHbR4/J9p8QZAoL2DCyHLi6QX2ifK5aXlC+2ERCF7uvY66Uk7iZ5naNnESCwnMCzKaXfGmav4/U/P2LmOl6jImDf8qhvQuOix1s0PXcRAUF7EUaFLCAgdC+AWBVRr1GMH1u3vbyzEgkQOC8wdrOta9denzrTt1NKTw8/tB7biNyMgKC9ma5QkUIgAmJes5cvpIwf5xdmM93zhkt9+/aXU0ov3fDV7LyzO5oAgSMKjC0NiTsG/1O1FnsJm3ImO17fYnmiB4FNCAjam+gGlTgjcG6m2w4m04dOzCj9TUrp0WLGJ39dO70URxIgQOC8wFjAjtfqeL1psRSw3N40zuHieiN0UwKC9qa6Q2UuCJwL3Xm2O28hCPOdAvWuJC6SNEoIEFhKoF4essSFjZfqVoZsy0Uuafn5KgKC9irsTrqAwKnlJVF0DtvfKP6+wCl3UYR127voRo0gsAmBczuHtJ5ZLpfECdmbGA4qMSYgaBsXexCIF/v8X3mDnNy2vE1UzOAK32+r1Ou2feW6h98EbSBwH4H6ro1x1gi797oZWcyex2x2PNzt8T597ixXCgjaV8J52qYF8rZRcSFlbB2YZ7/LSr+RUvqHgwfv+qveeKO0bnvTQ1vlCKwmsObsddnocp/smER5YjURJyYwQUDQnoDkkF0IlDPez6SUnqpaddTlJvW6bftt72K4awSBRQTOXRdz7V0bb6lYHbLtk32LpufeRUDQvguzk2xQIAfvPOtdbiMY1T1a8C4vKor22297g4NWlQjcQaCclKhviR5LQ1qvvT7VxHK5SBwTM9nX3j3yDoxOQeBtAUHbSCDwtkBeXnJqqckRgvfYuu1bboVsbBEg0I9ATDbEfy8WVb7HziFThNxWfYqSYzYpIGhvsltUagMCc4J3XIyzl5mV+tbttgDcwGBUBQINBMpv9cbC9RK3RF+i2kL2EorKWE1A0F6N3ok7EyiDd/l1am5GOeMds8A9P+p129GWWAvZ4mYTPTupO4HeBPKa66j3lsN1dhWyexth6vsOAUHboCAwX6Dc1WRsO8EocQ/Bu163nS9+2svs/fye9wwC/QnkSYK8JV85ORBrrrcyc13LRn1fK/7RFqT9jT01tkbbGCCwiMClCyt7Dt71FoCWkiwyZBRCoKnAqW/gyjvobvmbNyG76fBQ+D0FzGjfU9u5jiIwZX13vOHFzXMiuG59ScbYFoBrbO11lPGjnQSuFYgPxqdmrnt4rYl21683bkhz7WjwvE0ICNqb6AaV2LnAlPXd5UzTVoO3pSQ7H6ia153AuX2ut7ws5Bz014bdT+IYIbu7IanCtYCgbUwQuL9ADt5T1ndvbUeT2AIw6p3XqbvBzf3HjzMeV+DUTiEh8npK6asppS928C3ZqR4sQ7a7Ph53nO+q5YL2rrpTYzoU6HF9d9Q5ZrfLm/y4ULLDwafKXQicmrWOyudvwnpZFnIOvNzH3wf4LoamSk4RELSnKDmGwP0EymUmEWTzzHGuQd7xI74WXvvNtZ7ddqHk/caJM+1X4NysdQ7W0fq17tDYQt42fi1UlbkJAUF7E92gEgROCmx9fXd9g5toiNu3G9AE5glMmbXe611a7TAyb6w4ujMBQbuzDlPdQwvMXWZyz/Xd9YWSZrcPPVS7bXz+Bin+jNnj/Gc0KP/+lY2rv3Gqv3kq///xlNK3Ukq/l1J6LKX0zMMSrA+MfGv1Zkrpuyml+PMrxcnK/evz39+fUvrmcEx53URPHeDix556S11nCwjas8k8gcBmBC5tIxgVzTfOyUtNWlZ+bHbb2u2W4sqeIlB+QI3jy3BbBuspZfVyTB3K6yVnW2lHvS77ia1UTD0ILCUgaC8lqRwC6wtcWmaSg3fr9d1mt9cfC0etwZRvfcZsIojGf0+mlP4npfTDM4Bx3A+qn8e/PT3s/PE7w8/GZqvjR28Nx8V5YuY6nzsXWc6mRxn1o5xFj7//yzBDHseNzbrXz4/zbWEf/HrJyPMd75Zy1N837Z4gIGhPQHIIgU4Fzq37zKG71Y1zzG53Omg6q3b+cBl/PlfthJObkr/ViXBchtpb9qt/NqX0yHC+HKjLXXhKxrUuYCxn60ufcolJGMSWgLGkpZwFv8cwKJeMuL36PcSdYxUBQXsVdiclcHeBKTN9OZDEHSvz32+t6NjOJPGmekvIubVOnt+3QP4A+QcppaeqpuQgvdRdV3MozTsAnQrzrT+4LtVj+YNJvYf/vYOuJSNL9ahyNi8gaG++i1SQQBOBOeu7I7TEjgfXPuJc9b7bUV68ud97Fu3aNnjeugKnvp35Tkrp1WEc3TJGo3X1Wu7yxkz1DHW+YDF/IO3tg+Oa2+nVS0ZiXbbXgXV/v5y9oYCg3RBX0QQ6Epi6vjsCxbXB+2MppReru0puYa1oR910yKqWs5955jiuM7h2H+k6UPc+Sz13UJSea9zi3JKRuT3m+K4FBO2uu0/lCTQTmBO85+5o4mLJZt22u4JzKJtzB8Q6SAdKhOlLFwqWa6nXvhlUi46MD7rlkpH4BiD2vL/nI+oQv//5A5NdRu6p71yrCAjaq7A7KYHuBE6t7SwbkvftnhK8T93o5p57f3fXCQer8LeHnTzeSCn9WtH2MjDHOu3YvSP2pT51MWLJlpcoxDiLiyPzeNvj0oUItXm2vtypJDzuvSY798FrxTdadhk52C/0UZsraB+157WbwG0C+eKw+qKqXGp5Udr3Hi5a+9KJ0+W12zkIuNHNbf2yl2eXM59T25TDch57S+4yMrUOaxxXhugPp5Q+dOJDR8xg54tE1/hgUS5ZWSvor9E/znlwAUH74ANA8wksIJDf6MsZtLrY2Jc49g/O2wnGn/nitQjtsXa7nJF0o5sFOqbzIv4wpfTuatu+PH6iafH3GFMxtnq7GPGarikvCI3nX1oKE8esHa5zO8sLIKPfLBm5ZgR4TpcCgnaX3abSBDYtUK6R/eBwq+lTFS63FIyt2mIpQDm7bSvATXe1yjUUiKUzefvC+MBx6RG/S3HcP25wR5/yAshYF37rDjGXLPycwGYEBO3NdIWKENitQA7e+aYZMfN96vH6cCOQx4sDzG7vdmho2AmBegu8+rDYXvDHwx0mY4vD/PjR8Jf4eb6rZL0+Ox+b73CZl9rUd6hcqnPKZUBr7HKyVDuUQ+AqAUH7KjZPIkDgRoEp+3iXp4jgEIH7pRvP6+kEehH402G99fuLb3la171e5x5ruuNRXkQ6pw71BwYXQM7Rc+wuBATtXXSjRhDoXmDKnSujkbHDRHw1/tmDrMvtvmM1YDGB8sNpFDq2RvvRYQeWfNIIyKdmtK+tWJQZ3zjFh9/4XTy3y1B8MP7kcCIXQF4r7nldCwjaXXefyhPYrUAZKn57eGOvG5vXd0/ZTnC3UBpGYEQgfn/O7SxShu8c2GMrwBzgp2yVWJ623GWo3IP8J8NBEcrfq6cIHFFA0D5ir2szgf4EIgzEBVS/PlzwJXT314dq3JdADuP1zHn8/9MPM9X//RDmT11vEcH7kZRSLHuJR3wYPndtRl8yaktghoCgPQPLoQQIrC4QM21fKN7Axypkpnv1blKBgwhM2dozU5Q7DOW/H4RJM48sIGgfufe1nUC/AnHzi7hZTn6jj7sHxt0BzXT326dq3r9Anv2OG+fktdmnWiV499/fWjBBQNCegOQQAgQ2KVDfxj22BozAHXsJ5/2Hy4qb6d5kN6rUDgXKfbNfTinFFoSnbgdfznjn6y2OcAOiHXa7Jo0JCNrGBQECvQv8ZUrpz6pG5NAd/xzrSU/NdMf2ZW6e0fsIUP8tCVy6C+SUrT3jQ7HQvaVeVZerBQTtq+k8kQCBDQnkr6xjOUl90VWE7v94uM177IAwtptC3jHhuw9blr2woTapCoEeBV4rlnRN2dKvDN5jF0zm0B3LxTwIdCcgaHfXZSpMgMAFgfzGHaG7DNbxhv3q8NxfPRG64yvuT9mj2xgjcJVAhOEXh2fG79sTV5QSv78RuMtrMKIYS7+uwPSU9QUE7fX7QA0IEGgnkN+085t/+Yb22t9XAAAGfElEQVT9uZTSk8Pa0XomLdaIfvzCXsTtaq1kAn0KlLPZS9wF8lTofuvhOowvDUTl3Sut7e5z3Oy61oL2rrtX4wgQGATyLHcE7rxTSf5KOtZox36/fzLMcpc38xC4DSEC0wTKtdnxexNBe6nHpeUl+Txjt5C3leBSvaCcqwQE7avYPIkAgU4FzgXu+No7lprkMC5wd9rJqr2KwOeL6yOWmM0+1Yhnh2+i4uexk0m+PuPcreZzAI8PAO4ku8rwOO5JBe3j9r2WEziywNhX0uVFVxG48xrv8g18ysVdR3bV9mMKXNpp5B4q+fc0X5dxbjvB8pbx8Y3WudvV36PuzrFjAUF7x52raQQIXBQ4tYY7Zr3yDHe9k4nlJBdZHXAwgQi3sXd2PLb2YbSc8Y7wPbazSZ7pttXnwQbuPZoraN9D2TkIENi6wJTAHV+Nl+u74+txM2Fb71n1u4dAudtIXES85cCag3d8OMiz3tmovG7D7/Y9Rs4BziFoH6CTNZEAgckC53Yp+WpK6YPFjFi8EQvbk2kduGOBcreR3nLFud9567l3PGjv1bTefiHu5eI8BAgcW+DcXr5vFnebFLaPPU60/u0LiPOykfjdeG+nKOf234/lMFuepe+U/BjVFrSP0c9aSYDA9QL5wsixtZ1R6o+G4O2r5uuNPbNfgXI2+69SSp/utyk/q3mE7th9qPydt6xkBx27RhME7TXUnZMAgR4FLu3l+18ppY+4q2SPXavOVwqUa7OX3jv7yiot+rRzy0riRjlmuRfl3mdhgvY++1WrCBBoK5AvqPpsSumXUkrvHk73Rkrp94XttvhK34zAT4qatNw7e+0Gn1tWYm/utXtn4+cXtDfeQapHgMDmBWJpyd+nlN431DTWqcZFVC9svuYqSOB6gfIGNTGzG7uNHOFx7voNofsII2BmGwXtmWAOJ0CAwIhAvPn+83Ar9/zjl4VtY2XHAuVs9hMH3ery1PUb8WH71RN7du94SGjamICgbVwQIEBgOYHYfSHfmS5KtZRkOVslbUegXJt9pNnsUz2Ql5LVd5Pd+p7i2xlRO66JoL3jztU0AgRWEYgQ8omU0uPD2SNs/8IqNXFSAm0EzGafdy0/iBx1tr/NyOuwVEG7w05TZQIENi8Qs9pfKJaSfCql9NLma62CBC4LlN/amM0+7ZWd7LV/eUzt+ghBe9fdq3EECKwoEF8nf/shYL8npfTlYTeSFavj1ARuFihvThOFyRCnSeP3P8J2/JlveGOv/ZuHYH8F+CXpr8/UmACBfgTyDgXxVbIHgd4F/rfYynLP2/kt1U/xex/rtnPY9jqwlGxH5QjaHXWWqhIgQIAAgZUEynXH30sp/cpK9ejttNZr99ZjC9dX0F4YVHEECBAgQGCHAi6AvL5Ts51vAa437PaZgna3XafiBAgQIEDgLgLl2uxYb2wJxHT2WDby2nC4oD3dbTdHCtq76UoNIUCAAAECTQQ+llKKO0HGw97Q84jLoC1zzbPbxdE6fRfdqBEECBAgQKCZQDmjLWjPY85rtGPHkdhT2+NgAoL2wTpccwkQIECAwEyBMmjHrcU/PPP5Rz4876dtyc1BR4GgfdCO12wCBAgQIDBDwNZ+M7CGQ2PZyL+mlB615GY+3l6eIWjvpSe1gwABAgQItBMo1xrHMoivp5S+kVL6fkrpm+1O23XJ5V003Yq96668vvKC9vV2nkmAAAECBI4kUF4UWbY7QvcrDzdmiVuye7wtUIZsu40ceFQI2gfufE0nQIAAAQIzBfLdTj+YUnqmem45053/PrP47g8Pn9ihJda1x8PFo9136W0NELRv8/NsAgQIECBwVIEcup8rgmVpUQbvt1JKX9oIVNQ7PyIQP5ZS+vLwD1Hn+hHH5//yz+L/49h4fvwZBvUxMcMfQdvjwAKC9oE7X9MJECBAgMBCApdCdz5NhNL8X6zxzn+Pn4+F3Pj3Mhjnv5d/xvPKY+I5HxhOWIfqS80t61CXeem55c/tMjJHa8fHCto77lxNI0CAAAECKwhEQI2Z3jzL+1RK6fEZ9chh9z0ppfhvq4/Xh/q9MVwc+oOhou6cudUeW6FegvYK6E5JgAABAgQOJpCXVXy0WGJxy4zxJb5yZjr/PWbQ8yMu4Myz6eXSkFynmBHPwTmOjUf+89K5/ZzAzwQEbYOBAAECBAgQWEOgXP4xFrpj7XQ8YsY4h+VyqckadXZOArME/g+5Gc5GCT/XAgAAAABJRU5ErkJggg==');
CREATE TABLE IF NOT EXISTS "equipamentos_categoriaequipamento" ("id" integer NOT NULL PRIMARY KEY AUTOINCREMENT, "nome" varchar(100) NOT NULL, "descricao" text NULL, "slug" varchar(150) NOT NULL UNIQUE);
INSERT INTO equipamentos_categoriaequipamento VALUES(1,'HARDWARE','TESTE','hardware');
CREATE TABLE IF NOT EXISTS "equipamentos_equipamento" ("id" integer NOT NULL PRIMARY KEY AUTOINCREMENT, "codigo" varchar(30) NOT NULL UNIQUE, "nome" varchar(200) NOT NULL, "marca" varchar(100) NULL, "modelo" varchar(100) NULL, "numero_serie" varchar(100) NULL, "data_aquisicao" date NULL, "data_instalacao" date NULL, "data_garantia_fim" date NULL, "status" varchar(15) NOT NULL, "descricao" text NULL, "observacoes" text NULL, "local_instalacao" varchar(200) NULL, "especificacoes_tecnicas" text NULL, "data_cadastro" datetime NOT NULL, "ultima_atualizacao" datetime NOT NULL, "foto" varchar(100) NULL, "manual" varchar(100) NULL, "slug" varchar(250) NULL UNIQUE, "categoria_id" bigint NULL REFERENCES "equipamentos_categoriaequipamento" ("id") DEFERRABLE INITIALLY DEFERRED, "cliente_id" bigint NOT NULL REFERENCES "clientes_cliente" ("id") DEFERRABLE INITIALLY DEFERRED);
INSERT INTO equipamentos_equipamento VALUES(1,'EQP2025040001','FONTE','','','',NULL,NULL,NULL,'ativo','','','','','2025-04-24 14:55:43.788068','2025-04-24 20:26:12.420395','equipamentos/FONTE_zshMG73.jpg','equipamentos/manuais/computador_IJl44XI.png','mauricio-alencar-fonte-eqp2025040001',1,1);
INSERT INTO equipamentos_equipamento VALUES(2,'EQP2025040002','FONTE atx','','','',NULL,NULL,NULL,'ativo','','','','','2025-04-24 15:48:36.499575','2025-04-24 20:28:33.539571','equipamentos/hydro.jpg','equipamentos/manuais/FONTE.jpg','bps-fonte-atx-eqp2025040002',1,4);
INSERT INTO equipamentos_equipamento VALUES(5,'EQP2025040003','JOSÉ EQUIPAMENTO','','','2222222222222222',NULL,NULL,NULL,'ativo','','','','','2025-04-28 13:22:58.352170','2025-04-28 13:22:58.352184','equipamentos/Design_sem_nome_4_t3lYEfq.png','','mauricio-alencar-jose-equipamento-eqp2025040003',1,1);
CREATE TABLE IF NOT EXISTS "equipamentos_manutencaoequipamento" ("id" integer NOT NULL PRIMARY KEY AUTOINCREMENT, "tipo" varchar(20) NOT NULL, "data" datetime NOT NULL, "descricao" text NOT NULL, "solucao" text NULL, "responsavel" varchar(100) NOT NULL, "custo" decimal NOT NULL, "equipamento_id" bigint NOT NULL REFERENCES "equipamentos_equipamento" ("id") DEFERRABLE INITIALLY DEFERRED, "ordem_servico_id" bigint NULL REFERENCES "ordens_ordemservico" ("id") DEFERRABLE INITIALLY DEFERRED);
INSERT INTO equipamentos_manutencaoequipamento VALUES(1,'preventiva','2025-04-25 13:00:52.328334','manutenção preventiva','','Maurício Alencar',0,1,NULL);
CREATE TABLE IF NOT EXISTS "ordens_categoria" ("id" integer NOT NULL PRIMARY KEY AUTOINCREMENT, "nome" varchar(100) NOT NULL, "descricao" text NULL, "slug" varchar(150) NOT NULL UNIQUE, "data_criacao" datetime NULL);
INSERT INTO ordens_categoria VALUES(1,'HARDWARE','TESTE','hardware','2025-04-23 19:43:31.948303');
CREATE TABLE IF NOT EXISTS "django_session" ("session_key" varchar(40) NOT NULL PRIMARY KEY, "session_data" text NOT NULL, "expire_date" datetime NOT NULL);
INSERT INTO django_session VALUES('moqgkcx3cflx48bkvi3twde06dlkfo9l','.eJxVjEEOwiAQRe_C2hCgwIBL956BDMxUqoYmpV0Z765NutDtf-_9l0i4rTVtnZc0kTgLLU6_W8by4LYDumO7zbLMbV2mLHdFHrTL60z8vBzu30HFXr-1B-XtGOPgjGMcA1untYKIoEFFn61m9EMokVwMlpQxCoFsActICCjeH7EmNx8:1u8I2D:W1Lp4n-BrDVj18kgnq5nVso2s23_j4aR7oJSCDDScwg','2025-05-09 12:20:01.727356');
INSERT INTO django_session VALUES('cew88dm0xj5gbh2zl25nukg0wtskrr9p','.eJxVjEEOwiAQRe_C2hCgwIBL956BDMxUqoYmpV0Z765NutDtf-_9l0i4rTVtnZc0kTgLLU6_W8by4LYDumO7zbLMbV2mLHdFHrTL60z8vBzu30HFXr-1B-XtGOPgjGMcA1untYKIoEFFn61m9EMokVwMlpQxCoFsActICCjeH7EmNx8:1u8JVe:K3Pzxv5zN7NRE5aZvRAXF_pn1xVV8HNVUcY2bf8jmL8','2025-05-09 13:54:30.073387');
INSERT INTO django_session VALUES('ztnnk57o558jpn0ct05698ydjlu2oh6o','.eJxVjEEOwiAQRe_C2hCgwIBL956BDMxUqoYmpV0Z765NutDtf-_9l0i4rTVtnZc0kTgLLU6_W8by4LYDumO7zbLMbV2mLHdFHrTL60z8vBzu30HFXr-1B-XtGOPgjGMcA1untYKIoEFFn61m9EMokVwMlpQxCoFsActICCjeH7EmNx8:1u8K9A:PSAiDJlx-pyBP3lRXhoHF9EjgkNaGekIwp-GEoLZ1LM','2025-05-09 14:35:20.070648');
INSERT INTO django_session VALUES('7h5m6mle62euym3nn7demjcg1xaaq886','.eJxVjEEOwiAQRe_C2hCgwIBL956BDMxUqoYmpV0Z765NutDtf-_9l0i4rTVtnZc0kTgLLU6_W8by4LYDumO7zbLMbV2mLHdFHrTL60z8vBzu30HFXr-1B-XtGOPgjGMcA1untYKIoEFFn61m9EMokVwMlpQxCoFsActICCjeH7EmNx8:1u8NWN:lNb_LYtWGemZsTbJIzVu1JoA99v52yy3MlLj4Woek5E','2025-05-09 18:11:31.495272');
INSERT INTO django_session VALUES('v25hmvgz4f2cl6j1hbq5xghzo2ymub7b','.eJxVjEEOwiAQRe_C2hCgwIBL956BDMxUqoYmpV0Z765NutDtf-_9l0i4rTVtnZc0kTgLLU6_W8by4LYDumO7zbLMbV2mLHdFHrTL60z8vBzu30HFXr-1B-XtGOPgjGMcA1untYKIoEFFn61m9EMokVwMlpQxCoFsActICCjeH7EmNx8:1u8NaW:Xwo5TD1aa7Z75Hd5lLvThBNYmRxvttSjaahnjGdVVaw','2025-05-09 18:15:48.020603');
CREATE TABLE IF NOT EXISTS "tecnicos_localizacaoatendimento" ("id" integer NOT NULL PRIMARY KEY AUTOINCREMENT, "latitude" real NOT NULL, "longitude" real NOT NULL, "data_hora" datetime NOT NULL, "tipo" varchar(20) NOT NULL, "precisao" real NULL, "ordem_servico_id" bigint NOT NULL REFERENCES "ordens_ordemservico" ("id") DEFERRABLE INITIALLY DEFERRED, "tecnico_id" bigint NOT NULL REFERENCES "tecnicos_tecnico" ("id") DEFERRABLE INITIALLY DEFERRED);
CREATE TABLE IF NOT EXISTS "tecnicos_registroponto" ("id" integer NOT NULL PRIMARY KEY AUTOINCREMENT, "tipo" varchar(20) NOT NULL, "data_hora" datetime NOT NULL, "latitude" real NULL, "longitude" real NULL, "precisao" real NULL, "observacao" text NULL, "ip" char(39) NULL, "tecnico_id" bigint NOT NULL REFERENCES "tecnicos_tecnico" ("id") DEFERRABLE INITIALLY DEFERRED);
CREATE TABLE IF NOT EXISTS "usuarios_grupopermissao" ("id" integer NOT NULL PRIMARY KEY AUTOINCREMENT, "nome" varchar(100) NOT NULL, "descricao" text NOT NULL, "data_criacao" datetime NOT NULL, "ultima_atualizacao" datetime NOT NULL);
INSERT INTO usuarios_grupopermissao VALUES(5,'Administradores','Grupo com todas as permissões do sistema','2025-04-23 19:55:56.680780','2025-04-23 19:55:56.680798');
INSERT INTO usuarios_grupopermissao VALUES(6,'Técnico','','2025-04-23 20:04:07.161453','2025-04-23 20:18:57.358278');
INSERT INTO usuarios_grupopermissao VALUES(7,'Gerencial','','2025-04-23 20:19:08.517157','2025-04-23 20:19:08.517171');
CREATE TABLE IF NOT EXISTS "usuarios_perfil" ("id" integer NOT NULL PRIMARY KEY AUTOINCREMENT, "tipo" varchar(20) NOT NULL, "telefone" varchar(20) NULL, "cargo" varchar(100) NULL, "foto" varchar(100) NULL, "bio" text NULL, "ultimo_acesso" datetime NULL, "data_criacao" datetime NOT NULL, "ultima_atualizacao" datetime NOT NULL, "user_id" integer NOT NULL UNIQUE REFERENCES "auth_user" ("id") DEFERRABLE INITIALLY DEFERRED);
INSERT INTO usuarios_perfil VALUES(1,'administrador',NULL,NULL,'',NULL,NULL,'2025-04-23 19:38:57.535337','2025-04-23 19:39:32.134882',1);
INSERT INTO usuarios_perfil VALUES(3,'gerente',NULL,NULL,'',NULL,NULL,'2025-04-23 20:21:24.578639','2025-04-23 20:21:24.578657',3);
INSERT INTO usuarios_perfil VALUES(5,'tecnico',NULL,NULL,'',NULL,NULL,'2025-04-24 21:04:04.487237','2025-04-24 21:04:04.487255',5);
CREATE TABLE IF NOT EXISTS "usuarios_perfil_grupos_permissao" ("id" integer NOT NULL PRIMARY KEY AUTOINCREMENT, "perfil_id" bigint NOT NULL REFERENCES "usuarios_perfil" ("id") DEFERRABLE INITIALLY DEFERRED, "grupopermissao_id" bigint NOT NULL REFERENCES "usuarios_grupopermissao" ("id") DEFERRABLE INITIALLY DEFERRED);
INSERT INTO usuarios_perfil_grupos_permissao VALUES(1,1,5);
INSERT INTO usuarios_perfil_grupos_permissao VALUES(3,3,7);
INSERT INTO usuarios_perfil_grupos_permissao VALUES(4,5,6);
CREATE TABLE IF NOT EXISTS "usuarios_perfil_permissoes_customizadas" ("id" integer NOT NULL PRIMARY KEY AUTOINCREMENT, "perfil_id" bigint NOT NULL REFERENCES "usuarios_perfil" ("id") DEFERRABLE INITIALLY DEFERRED, "permissao_id" bigint NOT NULL REFERENCES "usuarios_permissao" ("id") DEFERRABLE INITIALLY DEFERRED);
CREATE TABLE IF NOT EXISTS "usuarios_permissaomenu" ("id" integer NOT NULL PRIMARY KEY AUTOINCREMENT, "nivel_acesso" varchar(20) NOT NULL, "menu_id" bigint NOT NULL REFERENCES "usuarios_menu" ("id") DEFERRABLE INITIALLY DEFERRED, "perfil_id" bigint NOT NULL REFERENCES "usuarios_perfil" ("id") DEFERRABLE INITIALLY DEFERRED);
INSERT INTO usuarios_permissaomenu VALUES(1,'total',4,1);
INSERT INTO usuarios_permissaomenu VALUES(2,'total',5,1);
INSERT INTO usuarios_permissaomenu VALUES(3,'total',6,1);
INSERT INTO usuarios_permissaomenu VALUES(4,'total',7,1);
INSERT INTO usuarios_permissaomenu VALUES(5,'total',8,1);
INSERT INTO usuarios_permissaomenu VALUES(6,'total',9,1);
INSERT INTO usuarios_permissaomenu VALUES(7,'total',10,1);
INSERT INTO usuarios_permissaomenu VALUES(8,'total',11,1);
CREATE TABLE IF NOT EXISTS "usuarios_menu" ("id" integer NOT NULL PRIMARY KEY AUTOINCREMENT, "nome" varchar(100) NOT NULL, "descricao" text NOT NULL, "url" varchar(200) NOT NULL, "icone" varchar(50) NOT NULL, "ordem" integer NOT NULL, "ativo" bool NOT NULL, "data_criacao" datetime NOT NULL, "ultima_atualizacao" datetime NOT NULL, "codigo" varchar(50) NOT NULL UNIQUE, "menu_pai_id" bigint NULL REFERENCES "usuarios_menu" ("id") DEFERRABLE INITIALLY DEFERRED);
INSERT INTO usuarios_menu VALUES(4,'Dashboard','Página inicial do sistema','/','fas fa-tachometer-alt',1,1,'2025-04-23 19:55:56.649257','2025-04-23 19:55:56.649291','dashboard',NULL);
INSERT INTO usuarios_menu VALUES(5,'Clientes','Gestão de clientes','/clientes/','fas fa-users',2,1,'2025-04-23 19:55:56.653715','2025-04-23 19:55:56.653740','clientes',NULL);
INSERT INTO usuarios_menu VALUES(6,'Ordens de Serviço','Gestão de ordens de serviço','/ordens/','fas fa-clipboard-list',3,1,'2025-04-23 19:55:56.657950','2025-04-23 19:55:56.657978','ordens',NULL);
INSERT INTO usuarios_menu VALUES(7,'Técnicos','Gestão de técnicos','/tecnicos/','fas fa-user-cog',4,1,'2025-04-23 19:55:56.661950','2025-04-23 19:55:56.661971','tecnicos',NULL);
INSERT INTO usuarios_menu VALUES(8,'Produtos','Gestão de produtos','/produtos/','fas fa-box',5,1,'2025-04-23 19:55:56.665904','2025-04-23 19:55:56.665939','produtos',NULL);
INSERT INTO usuarios_menu VALUES(9,'Relatórios','Relatórios do sistema','/relatorios/','fas fa-chart-bar',6,1,'2025-04-23 19:55:56.669670','2025-04-23 19:55:56.669692','relatorios',NULL);
INSERT INTO usuarios_menu VALUES(10,'Usuários','Gestão de usuários','/usuarios/','fas fa-users-cog',7,1,'2025-04-23 19:55:56.673438','2025-04-23 19:55:56.673472','usuarios',NULL);
INSERT INTO usuarios_menu VALUES(11,'Configurações','Configurações do sistema','/configuracoes/','fas fa-cog',8,1,'2025-04-23 19:55:56.677472','2025-04-23 19:55:56.677492','configuracoes',NULL);
CREATE TABLE IF NOT EXISTS "usuarios_permissao" ("id" integer NOT NULL PRIMARY KEY AUTOINCREMENT, "acoes" text NOT NULL CHECK ((JSON_VALID("acoes") OR "acoes" IS NULL)), "data_criacao" datetime NOT NULL, "ultima_atualizacao" datetime NOT NULL, "grupo_id" bigint NULL REFERENCES "usuarios_grupopermissao" ("id") DEFERRABLE INITIALLY DEFERRED, "menu_id" bigint NOT NULL REFERENCES "usuarios_menu" ("id") DEFERRABLE INITIALLY DEFERRED, "perfil_id" bigint NULL REFERENCES "usuarios_perfil" ("id") DEFERRABLE INITIALLY DEFERRED, CONSTRAINT "permissao_grupo_ou_perfil" CHECK (("grupo_id" IS NOT NULL OR "perfil_id" IS NOT NULL)));
INSERT INTO usuarios_permissao VALUES(1,'{"visualizar": true, "criar": true, "editar": true, "excluir": true}','2025-04-23 19:55:56.684841','2025-04-23 19:55:56.684861',5,4,NULL);
INSERT INTO usuarios_permissao VALUES(2,'{"visualizar": true, "criar": true, "editar": true, "excluir": true}','2025-04-23 19:55:56.689433','2025-04-23 19:55:56.689537',5,5,NULL);
INSERT INTO usuarios_permissao VALUES(3,'{"visualizar": true, "criar": true, "editar": true, "excluir": true}','2025-04-23 19:55:56.694147','2025-04-23 19:55:56.694167',5,6,NULL);
INSERT INTO usuarios_permissao VALUES(4,'{"visualizar": true, "criar": true, "editar": true, "excluir": true}','2025-04-23 19:55:56.697986','2025-04-23 19:55:56.698012',5,7,NULL);
INSERT INTO usuarios_permissao VALUES(5,'{"visualizar": true, "criar": true, "editar": true, "excluir": true}','2025-04-23 19:55:56.702373','2025-04-23 19:55:56.702398',5,8,NULL);
INSERT INTO usuarios_permissao VALUES(6,'{"visualizar": true, "criar": true, "editar": true, "excluir": true}','2025-04-23 19:55:56.705886','2025-04-23 19:55:56.705909',5,9,NULL);
INSERT INTO usuarios_permissao VALUES(7,'{"visualizar": true, "criar": true, "editar": true, "excluir": true}','2025-04-23 19:55:56.709727','2025-04-23 19:55:56.709746',5,10,NULL);
INSERT INTO usuarios_permissao VALUES(8,'{"visualizar": true, "criar": true, "editar": true, "excluir": true}','2025-04-23 19:55:56.713096','2025-04-23 19:55:56.713117',5,11,NULL);
INSERT INTO usuarios_permissao VALUES(33,'{"visualizar": true, "criar": false, "editar": false, "excluir": false}','2025-04-23 20:19:08.530810','2025-04-23 20:19:56.656016',7,4,NULL);
INSERT INTO usuarios_permissao VALUES(34,'{"visualizar": true, "criar": false, "editar": true, "excluir": false}','2025-04-23 20:19:08.534959','2025-04-23 20:19:56.660069',7,5,NULL);
INSERT INTO usuarios_permissao VALUES(35,'{"visualizar": true, "criar": false, "editar": false, "excluir": false}','2025-04-23 20:19:08.539563','2025-04-23 20:19:56.664315',7,6,NULL);
INSERT INTO usuarios_permissao VALUES(36,'{"visualizar": true, "criar": false, "editar": false, "excluir": false}','2025-04-23 20:19:08.544057','2025-04-23 20:19:56.667805',7,7,NULL);
INSERT INTO usuarios_permissao VALUES(37,'{"visualizar": true, "criar": false, "editar": false, "excluir": false}','2025-04-23 20:19:08.548000','2025-04-23 20:19:56.671434',7,8,NULL);
INSERT INTO usuarios_permissao VALUES(38,'{"visualizar": true, "criar": false, "editar": false, "excluir": false}','2025-04-23 20:19:08.552020','2025-04-23 20:19:56.675276',7,9,NULL);
INSERT INTO usuarios_permissao VALUES(41,'{"visualizar": true, "criar": true, "editar": true, "excluir": true}','2025-04-23 20:21:24.581434','2025-04-23 20:21:24.585309',NULL,4,3);
INSERT INTO usuarios_permissao VALUES(42,'{"visualizar": true, "criar": true, "editar": true, "excluir": true}','2025-04-23 20:21:24.581879','2025-04-23 20:21:24.586925',NULL,5,3);
INSERT INTO usuarios_permissao VALUES(43,'{"visualizar": true, "criar": true, "editar": true, "excluir": true}','2025-04-23 20:21:24.582128','2025-04-23 20:21:24.588162',NULL,6,3);
INSERT INTO usuarios_permissao VALUES(44,'{"visualizar": true, "criar": true, "editar": true, "excluir": true}','2025-04-23 20:21:24.582365','2025-04-23 20:21:24.589258',NULL,7,3);
INSERT INTO usuarios_permissao VALUES(45,'{"visualizar": true, "criar": true, "editar": true, "excluir": true}','2025-04-23 20:21:24.582586','2025-04-23 20:21:24.590450',NULL,8,3);
INSERT INTO usuarios_permissao VALUES(46,'{"visualizar": true, "criar": true, "editar": true, "excluir": true}','2025-04-23 20:21:24.582818','2025-04-23 20:21:24.591539',NULL,9,3);
INSERT INTO usuarios_permissao VALUES(47,'{"visualizar": false, "criar": false, "editar": false, "excluir": false}','2025-04-23 20:21:24.583047','2025-04-23 20:21:24.583057',NULL,10,3);
INSERT INTO usuarios_permissao VALUES(48,'{"visualizar": true, "criar": true, "editar": true, "excluir": true}','2025-04-23 20:21:24.583279','2025-04-23 20:21:24.583295',NULL,11,3);
INSERT INTO usuarios_permissao VALUES(49,'{"visualizar": true, "criar": false, "editar": false, "excluir": false, "alterar_senha": false}','2025-04-24 21:04:04.491617','2025-04-24 21:04:04.497654',NULL,4,5);
INSERT INTO usuarios_permissao VALUES(50,'{"visualizar": false, "criar": false, "editar": false, "excluir": false, "alterar_senha": false}','2025-04-24 21:04:04.493883','2025-04-24 21:04:04.498773',NULL,5,5);
INSERT INTO usuarios_permissao VALUES(51,'{"visualizar": true, "criar": false, "editar": false, "excluir": false, "alterar_senha": false}','2025-04-24 21:04:04.494113','2025-04-24 21:04:04.499785',NULL,6,5);
INSERT INTO usuarios_permissao VALUES(52,'{"visualizar": false, "criar": false, "editar": false, "excluir": false, "alterar_senha": false}','2025-04-24 21:04:04.494374','2025-04-24 21:04:04.500814',NULL,7,5);
INSERT INTO usuarios_permissao VALUES(53,'{"visualizar": false, "criar": false, "editar": false, "excluir": false, "alterar_senha": false}','2025-04-24 21:04:04.494615','2025-04-24 21:04:04.501795',NULL,8,5);
INSERT INTO usuarios_permissao VALUES(54,'{"visualizar": false, "criar": false, "editar": false, "excluir": false, "alterar_senha": false}','2025-04-24 21:04:04.494861','2025-04-24 21:04:04.502791',NULL,9,5);
INSERT INTO usuarios_permissao VALUES(55,'{"visualizar": true, "criar": false, "editar": false, "excluir": false, "alterar_senha": true}','2025-04-24 21:04:04.495078','2025-04-24 21:04:04.503775',NULL,10,5);
INSERT INTO usuarios_permissao VALUES(56,'{"visualizar": false, "criar": false, "editar": false, "excluir": false, "alterar_senha": false}','2025-04-24 21:04:04.495606','2025-04-24 21:04:04.504767',NULL,11,5);
INSERT INTO usuarios_permissao VALUES(57,'{"visualizar": false, "criar": false, "editar": false, "excluir": false}','2025-04-25 10:52:10.319368','2025-04-25 10:52:10.319384',7,10,NULL);
INSERT INTO usuarios_permissao VALUES(58,'{"visualizar": false, "criar": false, "editar": false, "excluir": false}','2025-04-25 10:52:10.325263','2025-04-25 10:52:10.325289',7,11,NULL);
CREATE TABLE IF NOT EXISTS "clientes_cliente" ("id" integer NOT NULL PRIMARY KEY AUTOINCREMENT, "nome" varchar(200) NOT NULL, "tipo" varchar(2) NOT NULL, "cpf_cnpj" varchar(18) NOT NULL UNIQUE, "email" varchar(254) NULL, "telefone" varchar(20) NULL, "celular" varchar(20) NULL, "data_nascimento" date NULL, "endereco" varchar(200) NULL, "numero" varchar(10) NULL, "complemento" varchar(100) NULL, "bairro" varchar(100) NULL, "cidade" varchar(100) NULL, "estado" varchar(2) NULL, "cep" varchar(9) NULL, "observacoes" text NULL, "ativo" bool NOT NULL, "ultima_atualizacao" datetime NOT NULL, "slug" varchar(250) NULL UNIQUE, "empresa_id" bigint NULL REFERENCES "clientes_empresa" ("id") DEFERRABLE INITIALLY DEFERRED, "data_criacao" datetime NOT NULL, "rg_ie" varchar(20) NULL, "codigo" varchar(20) NULL UNIQUE);
INSERT INTO clientes_cliente VALUES(1,'MAURICIO ALENCAR','PF','229.419.418-78','mauriciom.alencar@gmail.com','(11) 9838-7456','(11) 97389-7387',NULL,'Avenida Riviera','153','','Flamingo','Embu-Guaçu','SP','06910-690','',1,'2025-04-24 14:52:10.629444','mauricio-alencar',NULL,'2025-04-24 14:52:10.629053',NULL,NULL);
INSERT INTO clientes_cliente VALUES(4,'bps','PJ','11.685.612/0001-81','mauriciom.alencar@gmail.com','(11) 9838-7456','(11) 97389-7387',NULL,'Avenida Riviera','153','','Flamingo','Embu-Guaçu','SP','06910-690','',1,'2025-04-24 15:37:53.499251','bps',NULL,'2025-04-24 15:37:53.498428',NULL,'CLI20250001');
DELETE FROM sqlite_sequence;
INSERT INTO sqlite_sequence VALUES('django_migrations',53);
INSERT INTO sqlite_sequence VALUES('django_admin_log',0);
INSERT INTO sqlite_sequence VALUES('django_content_type',31);
INSERT INTO sqlite_sequence VALUES('auth_permission',124);
INSERT INTO sqlite_sequence VALUES('auth_group',0);
INSERT INTO sqlite_sequence VALUES('auth_user',6);
INSERT INTO sqlite_sequence VALUES('clientes_empresa',0);
INSERT INTO sqlite_sequence VALUES('ordens_comentario',7);
INSERT INTO sqlite_sequence VALUES('produtos_produto',2);
INSERT INTO sqlite_sequence VALUES('ordens_ordemservico',10);
INSERT INTO sqlite_sequence VALUES('ordens_categoria',1);
INSERT INTO sqlite_sequence VALUES('usuarios_perfil',5);
INSERT INTO sqlite_sequence VALUES('dashboard_metricadiaria',5);
INSERT INTO sqlite_sequence VALUES('usuarios_grupopermissao',7);
INSERT INTO sqlite_sequence VALUES('equipamentos_categoriaequipamento',1);
INSERT INTO sqlite_sequence VALUES('usuarios_menu',11);
INSERT INTO sqlite_sequence VALUES('usuarios_perfil_grupos_permissao',4);
INSERT INTO sqlite_sequence VALUES('usuarios_permissaomenu',8);
INSERT INTO sqlite_sequence VALUES('usuarios_permissao',65);
INSERT INTO sqlite_sequence VALUES('tecnicos_tecnico',4);
INSERT INTO sqlite_sequence VALUES('equipamentos_equipamento',5);
INSERT INTO sqlite_sequence VALUES('clientes_cliente',4);
INSERT INTO sqlite_sequence VALUES('produtos_categoria',1);
INSERT INTO sqlite_sequence VALUES('produtos_unidademedida',1);
INSERT INTO sqlite_sequence VALUES('produtos_movimentacaoestoque',7);
INSERT INTO sqlite_sequence VALUES('ordens_produtoutilizado',4);
INSERT INTO sqlite_sequence VALUES('ordens_anexo',1);
INSERT INTO sqlite_sequence VALUES('equipamentos_manutencaoequipamento',1);
CREATE UNIQUE INDEX "auth_group_permissions_group_id_permission_id_0cd325b0_uniq" ON "auth_group_permissions" ("group_id", "permission_id");
CREATE INDEX "auth_group_permissions_group_id_b120cbf9" ON "auth_group_permissions" ("group_id");
CREATE INDEX "auth_group_permissions_permission_id_84c5c92e" ON "auth_group_permissions" ("permission_id");
CREATE UNIQUE INDEX "auth_user_groups_user_id_group_id_94350c0c_uniq" ON "auth_user_groups" ("user_id", "group_id");
CREATE INDEX "auth_user_groups_user_id_6a12ed8b" ON "auth_user_groups" ("user_id");
CREATE INDEX "auth_user_groups_group_id_97559544" ON "auth_user_groups" ("group_id");
CREATE UNIQUE INDEX "auth_user_user_permissions_user_id_permission_id_14a6b632_uniq" ON "auth_user_user_permissions" ("user_id", "permission_id");
CREATE INDEX "auth_user_user_permissions_user_id_a95ead1b" ON "auth_user_user_permissions" ("user_id");
CREATE INDEX "auth_user_user_permissions_permission_id_1fbb5f2c" ON "auth_user_user_permissions" ("permission_id");
CREATE INDEX "django_admin_log_content_type_id_c4bce8eb" ON "django_admin_log" ("content_type_id");
CREATE INDEX "django_admin_log_user_id_c564eba6" ON "django_admin_log" ("user_id");
CREATE UNIQUE INDEX "django_content_type_app_label_model_76bd3d3b_uniq" ON "django_content_type" ("app_label", "model");
CREATE UNIQUE INDEX "auth_permission_content_type_id_codename_01ab375a_uniq" ON "auth_permission" ("content_type_id", "codename");
CREATE INDEX "auth_permission_content_type_id_2f476e4b" ON "auth_permission" ("content_type_id");
CREATE INDEX "clientes_contratocliente_cliente_id_83cabeac" ON "clientes_contratocliente" ("cliente_id");
CREATE INDEX "clientes_contratoempresa_empresa_id_abff294f" ON "clientes_contratoempresa" ("empresa_id");
CREATE INDEX "ordens_anexo_ordem_id_aa2da7da" ON "ordens_anexo" ("ordem_id");
CREATE INDEX "ordens_comentario_ordem_id_85ac01f2" ON "ordens_comentario" ("ordem_id");
CREATE INDEX "produtos_movimentacaoestoque_ordem_servico_id_ec03f41e" ON "produtos_movimentacaoestoque" ("ordem_servico_id");
CREATE INDEX "produtos_movimentacaoestoque_usuario_id_d4a231bf" ON "produtos_movimentacaoestoque" ("usuario_id");
CREATE INDEX "produtos_movimentacaoestoque_produto_id_6a77274a" ON "produtos_movimentacaoestoque" ("produto_id");
CREATE INDEX "produtos_produto_categoria_id_4444949b" ON "produtos_produto" ("categoria_id");
CREATE INDEX "produtos_produto_unidade_id_179e0e61" ON "produtos_produto" ("unidade_id");
CREATE UNIQUE INDEX "ordens_produtoutilizado_ordem_servico_id_produto_id_ce402ac1_uniq" ON "ordens_produtoutilizado" ("ordem_servico_id", "produto_id");
CREATE INDEX "ordens_produtoutilizado_ordem_servico_id_5e2f3e1f" ON "ordens_produtoutilizado" ("ordem_servico_id");
CREATE INDEX "ordens_produtoutilizado_produto_id_b7cb53a9" ON "ordens_produtoutilizado" ("produto_id");
CREATE INDEX "ordens_ordemservico_categoria_id_e5af85da" ON "ordens_ordemservico" ("categoria_id");
CREATE INDEX "ordens_ordemservico_cliente_id_7f58482b" ON "ordens_ordemservico" ("cliente_id");
CREATE INDEX "ordens_ordemservico_tecnico_id_546d09d9" ON "ordens_ordemservico" ("tecnico_id");
CREATE UNIQUE INDEX "equipamentos_equipamento_cliente_id_numero_serie_73973ec0_uniq" ON "equipamentos_equipamento" ("cliente_id", "numero_serie");
CREATE INDEX "equipamentos_equipamento_categoria_id_8ca6314a" ON "equipamentos_equipamento" ("categoria_id");
CREATE INDEX "equipamentos_equipamento_cliente_id_89813788" ON "equipamentos_equipamento" ("cliente_id");
CREATE INDEX "equipamentos_manutencaoequipamento_equipamento_id_ee447250" ON "equipamentos_manutencaoequipamento" ("equipamento_id");
CREATE INDEX "equipamentos_manutencaoequipamento_ordem_servico_id_f36e46c2" ON "equipamentos_manutencaoequipamento" ("ordem_servico_id");
CREATE INDEX "ordens_ordemservico_equipamento_id_df2206a9" ON "ordens_ordemservico" ("equipamento_id");
CREATE INDEX "django_session_expire_date_a5c62663" ON "django_session" ("expire_date");
CREATE INDEX "tecnicos_localizacaoatendimento_ordem_servico_id_13edf959" ON "tecnicos_localizacaoatendimento" ("ordem_servico_id");
CREATE INDEX "tecnicos_localizacaoatendimento_tecnico_id_4bf63554" ON "tecnicos_localizacaoatendimento" ("tecnico_id");
CREATE INDEX "tecnicos_registroponto_tecnico_id_cbdc5832" ON "tecnicos_registroponto" ("tecnico_id");
CREATE UNIQUE INDEX "usuarios_perfil_grupos_permissao_perfil_id_grupopermissao_id_de3d39d3_uniq" ON "usuarios_perfil_grupos_permissao" ("perfil_id", "grupopermissao_id");
CREATE INDEX "usuarios_perfil_grupos_permissao_perfil_id_e44e3ee9" ON "usuarios_perfil_grupos_permissao" ("perfil_id");
CREATE INDEX "usuarios_perfil_grupos_permissao_grupopermissao_id_5c601d8e" ON "usuarios_perfil_grupos_permissao" ("grupopermissao_id");
CREATE UNIQUE INDEX "usuarios_perfil_permissoes_customizadas_perfil_id_permissao_id_25463f02_uniq" ON "usuarios_perfil_permissoes_customizadas" ("perfil_id", "permissao_id");
CREATE INDEX "usuarios_perfil_permissoes_customizadas_perfil_id_e337669a" ON "usuarios_perfil_permissoes_customizadas" ("perfil_id");
CREATE INDEX "usuarios_perfil_permissoes_customizadas_permissao_id_b87f53d9" ON "usuarios_perfil_permissoes_customizadas" ("permissao_id");
CREATE UNIQUE INDEX "usuarios_permissaomenu_perfil_id_menu_id_d5f98824_uniq" ON "usuarios_permissaomenu" ("perfil_id", "menu_id");
CREATE INDEX "usuarios_permissaomenu_menu_id_2b980ba2" ON "usuarios_permissaomenu" ("menu_id");
CREATE INDEX "usuarios_permissaomenu_perfil_id_5d85c34e" ON "usuarios_permissaomenu" ("perfil_id");
CREATE INDEX "usuarios_menu_menu_pai_id_f6cf0c6a" ON "usuarios_menu" ("menu_pai_id");
CREATE UNIQUE INDEX "usuarios_permissao_menu_id_grupo_id_7c8a4ec6_uniq" ON "usuarios_permissao" ("menu_id", "grupo_id");
CREATE UNIQUE INDEX "usuarios_permissao_menu_id_perfil_id_dc76f62c_uniq" ON "usuarios_permissao" ("menu_id", "perfil_id");
CREATE INDEX "usuarios_permissao_grupo_id_f53540cb" ON "usuarios_permissao" ("grupo_id");
CREATE INDEX "usuarios_permissao_menu_id_19905c6f" ON "usuarios_permissao" ("menu_id");
CREATE INDEX "usuarios_permissao_perfil_id_34ebfb8c" ON "usuarios_permissao" ("perfil_id");
CREATE INDEX "clientes_cliente_empresa_id_6e2597e2" ON "clientes_cliente" ("empresa_id");
COMMIT;
